N,P,K,temperature,humidity,ph,rainfall,crop
91,46,54,21.6,86,6.1,180,Rice
85,48,54,23.7,77,5.5,220,Rice
118,40,53,26.6,77,5.6,290,Rice
103,43,55,27.5,80,5.6,283,Rice
87,54,48,23.4,78,5.7,246,Rice
108,46,49,26.4,81,6.4,207,Rice
87,55,56,23.4,86,5.6,293,Rice
91,49,59,22.4,78,6.1,209,Rice
101,51,48,20.9,77,5.9,163,Rice
109,55,40,23.4,81,6.2,270,Rice
116,58,59,26.2,80,5.9,152,Rice
82,53,44,23.0,81,5.6,178,Rice
97,48,42,21.1,81,6.1,282,Rice
117,45,59,25.0,87,6.0,264,Rice
82,40,51,21.8,82,5.5,262,Rice
109,51,48,25.7,89,6.0,177,Rice
83,45,59,23.2,90,6.1,295,Rice
118,50,49,21.0,79,5.8,186,Rice
92,58,47,26.4,90,6.2,209,Rice
109,57,57,27.7,86,6.1,194,Rice
82,46,55,26.7,84,6.5,158,Rice
80,54,42,22.0,89,5.5,251,Rice
104,41,54,26.3,79,5.8,207,Rice
99,52,44,23.1,76,6.1,203,Rice
87,60,59,23.0,89,5.7,151,Rice
108,49,43,20.9,89,6.3,279,Rice
98,60,60,23.8,86,5.5,202,Rice
119,47,57,23.6,77,5.9,231,Rice
105,58,44,22.1,76,6.5,281,Rice
117,50,57,23.2,90,5.7,150,Rice
103,59,47,26.4,82,6.3,159,Rice
89,46,48,24.5,87,6.0,179,Rice
84,53,43,21.4,78,6.3,272,Rice
112,58,56,21.5,85,6.3,202,Rice
93,42,60,23.8,85,5.7,160,Rice
113,42,40,23.8,87,5.9,221,Rice
85,46,48,23.1,75,5.7,280,Rice
95,54,55,27.7,78,5.6,155,Rice
102,60,46,21.8,87,6.2,226,Rice
89,47,48,23.0,81,6.0,221,Rice
87,58,51,21.2,87,6.3,300,Rice
113,45,56,24.9,78,6.4,237,Rice
102,57,43,20.1,84,6.1,197,Rice
84,57,42,22.3,88,6.0,207,Rice
118,53,60,22.7,77,6.2,183,Rice
118,54,57,24.0,82,6.3,192,Rice
80,59,53,23.7,75,5.5,216,Rice
81,52,45,24.5,90,6.4,173,Rice
100,55,50,24.0,80,6.1,215,Rice
118,58,47,24.7,87,5.8,179,Rice
107,43,55,20.9,87,5.6,250,Rice
88,46,51,25.0,86,5.8,297,Rice
84,57,58,25.4,90,6.2,286,Rice
88,50,42,24.3,80,5.9,278,Rice
93,49,50,26.0,76,6.1,179,Rice
81,51,56,24.4,83,6.2,166,Rice
85,58,51,22.0,85,5.6,231,Rice
106,41,49,23.2,84,5.8,243,Rice
82,53,59,23.4,83,5.8,222,Rice
88,44,46,22.0,77,5.6,151,Rice
82,48,44,22.8,87,6.2,179,Rice
102,56,52,26.3,77,6.1,151,Rice
119,48,40,22.8,77,5.9,184,Rice
110,55,57,22.2,87,6.0,200,Rice
110,56,44,25.4,79,5.9,168,Rice
93,46,50,27.2,85,5.9,202,Rice
108,48,56,20.8,89,5.5,229,Rice
117,43,42,24.6,87,5.7,171,Rice
115,51,58,27.3,88,6.3,186,Rice
102,48,48,20.9,82,5.7,207,Rice
88,44,56,22.3,90,5.9,214,Rice
91,60,45,24.8,90,5.8,175,Rice
99,58,41,26.6,82,5.8,288,Rice
92,60,58,25.5,76,5.7,240,Rice
118,57,42,23.2,88,5.6,154,Rice
87,48,59,25.2,84,6.3,242,Rice
116,48,43,23.0,90,6.3,257,Rice
118,45,54,22.4,81,6.2,164,Rice
119,47,49,27.5,85,5.5,232,Rice
82,48,60,22.8,76,5.6,252,Rice
120,53,40,26.5,85,6.0,163,Rice
89,45,49,20.1,86,6.3,293,Rice
84,47,51,25.4,84,6.0,206,Rice
95,47,56,23.1,90,5.7,244,Rice
84,40,45,27.1,84,5.7,200,Rice
84,43,49,21.5,83,5.9,185,Rice
96,44,43,27.5,76,6.0,247,Rice
85,41,49,22.8,76,5.9,231,Rice
117,54,49,27.9,75,5.7,295,Rice
100,50,59,25.5,78,6.0,186,Rice
119,59,46,25.7,80,6.2,217,Rice
101,50,57,20.5,88,5.8,286,Rice
97,47,58,27.3,81,5.5,167,Rice
116,45,42,21.3,82,6.0,260,Rice
104,48,46,27.1,85,5.8,293,Rice
87,58,41,27.8,78,6.5,163,Rice
97,58,51,22.3,75,5.9,268,Rice
102,43,45,21.3,76,5.8,281,Rice
116,43,44,24.0,90,6.4,161,Rice
85,60,53,26.8,80,5.8,243,Rice
111,44,48,26.8,77,6.2,281,Rice
80,60,57,20.9,84,6.5,259,Rice
112,44,41,26.4,89,6.3,280,Rice
105,51,44,27.7,86,5.9,182,Rice
107,57,55,23.9,87,5.9,257,Rice
89,42,60,20.1,76,5.6,269,Rice
106,42,46,26.0,89,5.6,256,Rice
97,53,55,22.4,82,6.3,221,Rice
86,60,60,22.0,89,5.6,279,Rice
87,40,59,25.8,82,5.6,229,Rice
113,55,48,21.2,82,6.2,182,Rice
101,50,59,24.3,80,5.5,279,Rice
99,43,46,21.6,87,6.0,205,Rice
80,47,45,25.3,79,6.0,285,Rice
93,54,44,22.7,84,6.1,237,Rice
101,56,51,26.2,76,6.3,182,Rice
117,48,47,24.7,89,6.3,281,Rice
89,54,56,24.1,79,6.3,287,Rice
83,40,55,22.3,85,5.8,184,Rice
101,45,48,23.8,83,6.0,283,Rice
87,47,45,27.5,75,5.7,193,Rice
99,53,50,24.3,81,6.2,156,Rice
97,47,60,22.7,85,6.3,202,Rice
99,48,50,24.8,84,5.5,282,Rice
98,49,42,27.4,78,5.5,217,Rice
96,45,59,20.4,89,6.5,294,Rice
85,51,42,25.5,89,6.2,237,Rice
101,57,59,25.8,84,5.6,259,Rice
98,53,45,23.4,83,5.7,238,Rice
119,53,41,24.6,90,6.5,189,Rice
89,42,44,23.9,76,5.8,175,Rice
111,41,57,21.7,86,5.8,231,Rice
118,43,41,26.2,75,5.6,232,Rice
98,45,47,24.2,76,6.1,178,Rice
98,43,60,22.8,80,6.2,222,Rice
99,45,54,26.0,75,6.3,238,Rice
87,46,54,22.4,89,6.3,298,Rice
108,40,58,27.3,81,5.6,194,Rice
86,44,54,26.1,89,5.9,287,Rice
115,52,43,24.2,80,5.7,276,Rice
88,44,59,23.5,76,5.5,212,Rice
113,51,52,22.5,81,5.7,241,Rice
108,52,46,20.3,90,6.0,159,Rice
107,49,59,20.5,84,6.0,171,Rice
80,60,46,21.2,88,6.1,193,Rice
80,60,56,26.6,80,5.5,233,Rice
116,45,56,26.3,89,5.5,217,Rice
101,52,50,22.1,87,6.3,201,Rice
85,42,44,24.8,86,5.8,206,Rice
99,57,43,26.3,85,5.8,290,Rice
83,41,42,21.1,78,6.4,207,Rice
96,44,41,25.3,80,6.2,290,Rice
116,44,44,25.5,79,5.8,206,Rice
110,53,53,20.6,75,6.1,275,Rice
96,42,53,22.9,86,5.6,263,Rice
120,44,41,26.1,83,6.2,287,Rice
96,44,44,22.3,77,6.4,182,Rice
106,56,48,23.4,78,5.6,220,Rice
86,50,41,22.7,82,6.1,166,Rice
85,55,49,27.2,78,6.2,296,Rice
99,41,49,24.6,79,6.3,292,Rice
118,51,49,24.0,88,6.3,280,Rice
115,41,56,23.7,76,6.3,294,Rice
115,54,49,25.6,82,6.2,213,Rice
83,43,55,25.4,80,6.1,171,Rice
99,48,41,20.3,75,5.9,172,Rice
83,45,58,25.6,87,5.9,158,Rice
94,59,43,22.1,90,5.7,212,Rice
97,53,49,23.5,83,6.2,203,Rice
108,42,59,23.3,85,5.6,248,Rice
91,57,57,24.3,85,6.3,290,Rice
81,46,46,20.5,87,6.2,259,Rice
82,47,51,23.6,80,6.4,294,Rice
109,46,47,20.2,84,5.5,174,Rice
103,40,55,27.1,88,6.5,229,Rice
115,59,49,22.2,82,6.3,298,Rice
104,49,53,23.3,82,5.9,254,Rice
89,51,54,20.2,81,6.1,219,Rice
116,52,56,23.0,87,6.3,234,Rice
91,48,48,23.9,82,6.3,214,Rice
93,40,55,21.0,87,5.8,198,Rice
109,40,43,21.7,77,6.5,199,Rice
109,47,47,20.7,87,6.4,192,Rice
107,40,41,21.7,86,5.6,189,Rice
104,56,42,26.4,76,5.6,216,Rice
86,55,58,27.8,80,5.8,207,Rice
99,41,45,20.3,86,6.4,237,Rice
85,40,40,22.3,90,6.1,197,Rice
116,51,45,22.3,82,5.8,224,Rice
115,50,60,23.6,77,5.8,177,Rice
92,51,59,22.3,85,6.2,166,Rice
106,50,57,22.6,76,5.8,248,Rice
109,60,60,23.5,80,6.1,290,Rice
84,57,45,26.0,79,5.7,173,Rice
106,53,54,24.9,82,5.6,263,Rice
119,52,48,20.2,78,5.6,216,Rice
112,40,51,23.4,82,5.7,187,Rice
87,49,53,27.2,90,6.3,156,Rice
104,57,42,22.7,86,5.9,288,Rice
119,49,52,20.2,83,5.7,180,Rice
88,56,52,22.0,76,6.0,286,Rice
101,50,51,22.8,77,6.1,196,Rice
86,48,55,26.7,75,5.8,294,Rice
95,60,42,23.3,86,5.8,225,Rice
93,57,55,21.3,89,5.7,170,Rice
83,58,54,22.6,86,5.6,156,Rice
82,50,45,24.4,85,5.7,165,Rice
87,55,55,21.7,88,6.4,207,Rice
89,57,55,27.0,77,6.2,160,Rice
105,44,57,21.9,81,5.5,277,Rice
108,43,48,26.0,83,6.4,210,Rice
105,54,51,23.1,88,5.8,159,Rice
98,44,58,21.2,77,6.4,194,Rice
88,55,59,21.4,90,5.8,222,Rice
110,41,47,22.8,85,6.3,211,Rice
119,54,60,26.1,81,5.9,161,Rice
117,45,40,20.3,83,5.9,188,Rice
95,46,49,24.2,87,6.2,219,Rice
112,40,51,23.0,81,6.2,281,Rice
109,50,60,23.9,75,6.1,183,Rice
64,46,50,21.1,59,7.1,104,Wheat
82,41,37,21.0,50,6.2,94,Wheat
85,54,42,19.3,65,6.5,79,Wheat
93,52,43,24.1,55,6.6,78,Wheat
83,54,40,16.0,57,6.1,63,Wheat
96,41,50,20.3,66,6.9,107,Wheat
84,46,37,15.4,63,6.6,80,Wheat
99,60,31,23.8,70,6.7,99,Wheat
87,47,48,24.5,60,7.3,68,Wheat
95,59,50,23.0,68,7.1,81,Wheat
98,60,37,22.5,63,6.2,85,Wheat
91,55,49,17.1,68,7.2,100,Wheat
76,58,37,24.9,67,6.5,107,Wheat
92,41,35,21.1,55,6.9,109,Wheat
74,40,47,19.5,58,7.2,81,Wheat
70,44,38,24.8,57,6.8,53,Wheat
97,60,30,21.2,65,6.1,111,Wheat
72,51,43,17.6,52,6.1,91,Wheat
88,46,48,16.1,51,6.8,61,Wheat
98,47,32,21.4,62,7.1,50,Wheat
74,44,39,16.8,60,7.3,59,Wheat
64,44,41,15.9,65,6.9,65,Wheat
89,59,45,15.8,66,7.3,96,Wheat
76,45,36,22.3,63,7.4,99,Wheat
62,44,36,24.7,53,7.4,70,Wheat
97,44,40,19.0,63,6.7,54,Wheat
60,40,50,17.9,55,7.4,108,Wheat
89,59,46,16.2,53,6.1,105,Wheat
72,56,38,15.4,51,7.0,106,Wheat
62,48,35,18.6,55,7.1,80,Wheat
72,60,33,18.6,58,7.0,79,Wheat
85,60,32,16.5,52,7.4,54,Wheat
87,40,34,23.5,52,6.2,120,Wheat
96,43,47,15.7,70,6.0,63,Wheat
65,44,36,22.7,67,6.2,88,Wheat
91,50,30,19.1,54,6.6,116,Wheat
69,47,41,24.5,52,6.8,63,Wheat
80,50,34,18.8,69,7.2,57,Wheat
68,50,30,19.6,50,6.8,83,Wheat
97,59,42,18.5,66,7.1,52,Wheat
64,47,34,19.8,59,6.2,113,Wheat
83,58,41,23.4,66,6.2,51,Wheat
69,43,36,22.5,51,6.1,70,Wheat
72,47,34,24.2,53,6.4,96,Wheat
65,46,46,15.8,69,6.2,77,Wheat
99,56,40,18.6,59,6.9,115,Wheat
88,42,35,19.8,56,7.0,101,Wheat
98,47,48,15.1,53,7.5,61,Wheat
86,54,40,24.7,58,6.6,84,Wheat
70,60,43,22.4,60,6.4,115,Wheat
76,56,42,21.9,54,6.3,66,Wheat
61,43,45,18.6,54,7.1,87,Wheat
62,44,44,16.3,51,6.7,50,Wheat
60,50,38,24.3,66,7.0,90,Wheat
93,53,31,16.9,51,7.5,117,Wheat
92,60,42,24.0,60,6.9,118,Wheat
79,53,47,19.1,62,7.3,66,Wheat
79,46,40,24.8,53,6.5,106,Wheat
79,49,49,21.3,53,7.1,97,Wheat
81,43,31,20.7,55,6.8,94,Wheat
84,60,39,24.2,53,7.1,54,Wheat
95,53,35,23.7,67,7.1,115,Wheat
81,52,30,20.0,59,6.2,58,Wheat
93,45,40,22.8,57,6.1,105,Wheat
73,59,41,23.1,68,6.7,107,Wheat
63,57,47,24.9,54,7.2,75,Wheat
82,56,31,19.2,65,7.5,107,Wheat
63,42,30,16.6,52,6.2,83,Wheat
64,46,31,22.8,61,7.4,110,Wheat
68,43,34,17.7,53,7.0,98,Wheat
67,48,43,17.5,58,7.1,92,Wheat
62,58,35,21.4,52,6.3,53,Wheat
72,48,33,21.3,70,6.6,92,Wheat
70,40,48,21.3,55,7.1,73,Wheat
90,51,33,16.8,51,6.4,61,Wheat
78,48,33,16.6,58,6.6,106,Wheat
96,54,37,21.2,58,6.0,81,Wheat
64,46,42,20.6,53,7.4,70,Wheat
89,41,42,15.5,50,7.1,63,Wheat
63,52,39,22.4,59,7.0,95,Wheat
70,42,40,21.6,52,6.6,57,Wheat
76,49,37,17.5,53,6.3,76,Wheat
90,43,37,16.6,55,6.7,96,Wheat
97,42,47,23.7,50,6.1,108,Wheat
65,44,32,23.2,62,6.9,120,Wheat
93,60,47,16.4,70,6.1,104,Wheat
67,44,35,24.2,58,6.7,113,Wheat
76,45,46,18.7,62,7.2,95,Wheat
61,58,40,19.9,62,6.4,50,Wheat
97,54,32,16.2,70,6.4,71,Wheat
63,51,35,16.8,59,6.8,119,Wheat
75,60,33,15.4,68,6.5,82,Wheat
100,45,32,22.8,68,7.2,116,Wheat
89,42,33,21.2,54,6.2,91,Wheat
64,58,42,19.4,67,7.5,88,Wheat
61,52,39,16.4,63,7.4,69,Wheat
66,60,45,24.7,56,7.3,96,Wheat
98,46,41,18.7,66,6.4,99,Wheat
63,52,31,22.0,54,6.5,67,Wheat
65,43,33,17.1,66,7.2,117,Wheat
87,47,34,18.9,54,6.6,56,Wheat
86,40,32,23.0,53,7.4,99,Wheat
90,41,49,18.3,58,6.6,66,Wheat
81,54,37,17.5,56,7.5,72,Wheat
77,58,50,22.5,51,6.2,51,Wheat
62,50,39,16.5,57,6.0,53,Wheat
86,48,48,22.3,61,7.2,76,Wheat
66,42,37,22.1,52,7.1,100,Wheat
80,52,49,17.0,57,6.6,64,Wheat
63,53,50,21.6,66,6.5,64,Wheat
65,57,30,24.5,59,6.6,59,Wheat
99,48,50,23.8,67,7.5,74,Wheat
65,59,34,17.1,63,6.8,103,Wheat
76,55,30,15.2,54,6.4,111,Wheat
81,51,43,16.4,65,6.3,107,Wheat
67,55,49,17.4,61,6.4,94,Wheat
78,58,32,24.0,63,7.4,75,Wheat
68,58,34,22.6,55,6.0,111,Wheat
99,52,48,23.2,58,7.5,116,Wheat
91,41,46,20.7,62,7.3,101,Wheat
90,45,38,23.6,61,6.6,98,Wheat
94,57,34,17.7,69,7.5,113,Wheat
65,59,47,16.7,58,6.4,64,Wheat
89,50,33,16.3,60,7.0,51,Wheat
60,54,38,22.3,58,6.0,63,Wheat
61,55,31,22.3,59,6.4,117,Wheat
85,58,50,15.4,50,6.8,81,Wheat
83,43,48,20.0,50,7.4,104,Wheat
85,59,42,20.9,51,7.0,79,Wheat
80,51,46,23.2,58,6.8,108,Wheat
60,44,48,21.2,62,6.4,105,Wheat
93,45,37,18.6,53,6.5,96,Wheat
74,54,44,16.4,65,6.6,108,Wheat
94,55,32,18.9,52,6.3,61,Wheat
90,56,50,24.8,61,6.8,53,Wheat
71,47,30,21.1,60,6.6,101,Wheat
100,48,32,22.6,69,6.4,91,Wheat
65,50,50,16.8,57,7.0,113,Wheat
85,54,39,22.4,56,7.4,108,Wheat
77,46,31,23.8,54,6.4,112,Wheat
78,59,34,22.2,70,7.1,92,Wheat
65,52,36,21.1,68,7.0,63,Wheat
95,45,33,17.0,62,6.9,118,Wheat
87,53,47,15.5,65,6.1,117,Wheat
68,55,46,16.6,62,6.2,78,Wheat
97,58,40,17.0,65,6.0,67,Wheat
71,51,30,23.5,68,6.8,111,Wheat
66,44,30,16.7,67,7.4,58,Wheat
88,46,36,22.6,69,6.5,105,Wheat
67,48,40,15.8,64,6.6,69,Wheat
75,56,31,22.1,51,6.2,84,Wheat
76,51,39,24.4,53,6.8,92,Wheat
86,55,44,18.5,61,6.0,84,Wheat
70,49,46,16.2,51,6.3,58,Wheat
98,60,48,15.8,51,6.8,76,Wheat
73,56,44,15.6,64,7.2,117,Wheat
99,57,33,19.1,61,6.1,75,Wheat
70,52,36,19.2,68,6.0,116,Wheat
66,44,36,18.4,64,7.3,106,Wheat
73,52,38,15.4,68,6.8,89,Wheat
100,58,31,20.5,68,6.2,73,Wheat
92,58,39,15.1,68,6.5,67,Wheat
65,42,37,20.9,52,6.6,64,Wheat
88,49,43,18.2,65,6.8,118,Wheat
74,51,32,20.1,61,7.2,95,Wheat
70,60,36,17.5,53,6.3,69,Wheat
74,44,39,20.5,54,6.2,64,Wheat
86,59,30,15.6,60,6.8,64,Wheat
78,52,36,21.7,50,6.9,73,Wheat
64,41,38,16.3,50,6.8,113,Wheat
70,51,36,19.0,55,6.3,115,Wheat
61,45,45,21.4,53,7.3,112,Wheat
100,58,40,24.5,61,7.0,57,Wheat
94,56,49,18.2,54,7.2,90,Wheat
85,57,45,18.2,64,6.2,61,Wheat
60,57,40,18.2,53,6.2,77,Wheat
89,41,50,21.0,63,6.2,101,Wheat
61,56,48,18.9,66,6.7,77,Wheat
82,40,34,21.5,66,7.4,109,Wheat
68,51,30,24.5,58,6.3,75,Wheat
85,41,41,23.5,51,6.2,86,Wheat
74,42,41,21.6,57,6.4,120,Wheat
99,56,43,22.0,56,7.1,81,Wheat
74,60,47,15.3,51,7.3,58,Wheat
69,58,33,22.4,61,6.7,110,Wheat
99,56,31,21.6,67,6.9,89,Wheat
82,48,33,22.5,60,7.3,119,Wheat
77,52,30,15.1,55,7.1,119,Wheat
80,60,31,22.4,63,7.3,116,Wheat
65,41,43,19.3,65,6.7,67,Wheat
80,42,31,15.1,70,7.0,112,Wheat
67,45,34,20.3,67,6.8,63,Wheat
95,58,47,23.7,52,6.1,88,Wheat
91,42,32,19.3,57,6.3,79,Wheat
96,51,49,20.2,63,6.6,114,Wheat
81,60,31,19.2,50,6.8,80,Wheat
71,53,39,21.4,56,7.0,69,Wheat
94,51,46,22.0,58,6.6,98,Wheat
74,49,39,20.1,63,6.8,80,Wheat
89,43,35,23.5,59,6.0,94,Wheat
70,42,45,18.8,66,6.4,104,Wheat
96,60,39,24.6,61,6.6,120,Wheat
96,45,50,16.4,55,7.2,63,Wheat
63,43,38,22.2,53,7.4,81,Wheat
89,59,42,16.6,53,6.4,119,Wheat
68,49,31,17.6,67,6.5,113,Wheat
85,46,45,22.9,53,6.1,70,Wheat
84,54,50,20.0,53,6.6,81,Wheat
96,56,42,20.0,57,7.2,54,Wheat
68,49,38,24.5,60,6.8,117,Wheat
69,49,37,24.8,64,7.2,72,Wheat
65,53,36,24.6,50,6.2,107,Wheat
61,50,31,24.7,51,6.5,93,Wheat
90,53,37,22.3,51,6.4,53,Wheat
92,42,33,16.9,54,6.1,59,Wheat
100,45,44,16.8,50,6.3,107,Wheat
86,49,41,18.1,51,7.0,111,Wheat
81,41,43,18.5,62,6.8,65,Wheat
61,46,30,18.3,61,7.4,50,Wheat
73,58,37,22.0,59,6.9,58,Wheat
52,56,36,21.3,60,7.0,137,Maize
89,49,43,20.2,53,5.9,107,Maize
88,35,31,22.0,68,6.4,99,Maize
50,55,39,24.4,51,6.9,55,Maize
80,56,44,26.6,60,5.9,57,Maize
88,57,43,19.1,57,6.1,76,Maize
69,42,41,26.8,60,6.0,98,Maize
77,44,48,22.0,51,6.9,135,Maize
63,32,40,19.1,67,6.8,50,Maize
52,53,40,21.1,63,5.8,75,Maize
84,60,37,24.4,69,6.8,52,Maize
81,50,40,26.8,59,6.9,101,Maize
68,36,41,25.3,68,6.0,102,Maize
72,56,34,24.9,58,5.8,60,Maize
69,59,37,18.7,57,6.0,143,Maize
70,39,37,24.4,54,6.9,60,Maize
85,37,39,25.7,65,6.2,136,Maize
90,52,49,18.1,69,6.2,137,Maize
89,35,39,23.3,64,6.7,90,Maize
58,31,35,22.6,51,7.0,136,Maize
51,51,49,25.0,53,6.3,102,Maize
69,35,31,26.8,64,6.0,110,Maize
63,39,45,20.9,67,6.2,93,Maize
56,49,49,26.0,66,6.4,50,Maize
80,38,42,18.1,50,5.9,136,Maize
89,56,49,21.0,63,7.0,73,Maize
66,46,46,21.8,67,6.3,108,Maize
60,53,41,18.7,63,6.0,50,Maize
67,44,47,21.1,69,6.1,114,Maize
87,46,49,20.5,69,5.9,147,Maize
65,49,39,22.8,56,6.1,148,Maize
78,50,46,25.1,51,6.2,69,Maize
56,30,34,25.8,55,6.8,135,Maize
80,49,37,19.6,64,6.9,96,Maize
83,46,40,20.2,52,7.0,80,Maize
78,60,39,21.6,62,5.8,122,Maize
59,50,30,18.2,51,6.1,86,Maize
62,59,30,18.3,50,5.9,150,Maize
73,56,30,20.0,62,7.0,56,Maize
68,32,33,19.1,68,6.1,113,Maize
82,32,31,22.1,50,5.8,129,Maize
78,48,35,18.3,58,6.3,97,Maize
59,41,33,25.7,68,5.8,96,Maize
57,58,49,26.3,65,6.2,70,Maize
83,47,43,18.4,54,6.8,125,Maize
51,42,35,24.1,53,6.7,112,Maize
56,45,44,25.3,65,6.2,88,Maize
81,59,38,23.7,69,6.5,97,Maize
64,31,39,26.0,59,6.9,99,Maize
82,30,40,19.9,61,5.9,147,Maize
59,30,31,23.2,66,6.3,115,Maize
54,42,33,20.4,63,6.1,62,Maize
57,58,49,25.6,61,6.0,115,Maize
82,35,44,21.0,59,6.6,88,Maize
70,31,49,21.9,69,5.9,60,Maize
65,58,46,26.6,68,7.0,65,Maize
83,42,47,21.9,64,5.9,86,Maize
59,38,47,25.2,69,6.3,125,Maize
82,37,38,20.4,66,5.8,103,Maize
60,50,37,23.9,65,6.9,88,Maize
59,38,40,20.9,68,6.0,96,Maize
87,32,34,25.5,52,7.0,115,Maize
81,35,47,20.7,50,6.1,111,Maize
54,56,48,20.5,57,5.8,129,Maize
80,57,47,24.5,52,6.4,88,Maize
76,32,50,18.1,57,6.5,115,Maize
76,46,37,19.2,53,5.9,97,Maize
70,40,32,26.1,61,5.8,117,Maize
52,60,38,21.4,57,6.2,69,Maize
85,32,42,26.5,57,6.8,71,Maize
79,38,41,25.1,54,6.4,120,Maize
85,40,46,21.9,62,6.9,127,Maize
87,50,32,23.2,69,6.3,63,Maize
78,47,43,18.2,65,6.1,126,Maize
54,39,33,20.0,58,5.9,133,Maize
84,37,31,19.8,63,7.0,68,Maize
54,30,50,21.0,68,6.8,86,Maize
86,51,33,18.8,70,6.1,118,Maize
88,41,39,19.2,52,5.8,127,Maize
67,41,31,21.7,57,7.0,117,Maize
79,33,48,25.6,64,6.2,80,Maize
84,59,44,25.7,59,5.9,112,Maize
86,32,39,21.2,53,6.9,114,Maize
76,46,50,22.7,66,6.8,133,Maize
77,34,35,20.9,64,6.6,62,Maize
89,45,42,22.4,50,6.1,91,Maize
84,35,39,25.0,67,6.5,81,Maize
88,48,33,24.1,69,6.4,53,Maize
87,32,33,19.6,54,6.4,124,Maize
51,54,32,22.0,52,6.9,139,Maize
60,47,42,23.7,50,6.2,118,Maize
62,51,38,20.5,63,6.3,81,Maize
72,39,50,19.4,66,6.3,74,Maize
71,38,49,22.8,50,6.8,138,Maize
69,45,47,25.2,69,6.7,75,Maize
83,37,42,19.5,57,6.5,56,Maize
79,58,46,25.1,69,6.9,122,Maize
53,59,46,26.6,65,6.9,81,Maize
78,33,35,20.8,60,6.5,104,Maize
64,41,40,19.8,57,6.3,78,Maize
75,55,30,21.0,53,6.4,50,Maize
72,39,33,25.8,60,6.0,86,Maize
60,59,38,19.4,55,6.5,119,Maize
52,54,31,23.1,61,6.3,89,Maize
78,30,31,24.8,59,6.3,59,Maize
63,49,48,22.4,58,6.3,70,Maize
82,31,46,25.7,59,6.2,100,Maize
63,31,43,26.8,65,6.4,78,Maize
72,52,37,22.6,50,6.9,119,Maize
81,60,49,26.3,65,6.6,65,Maize
52,33,37,21.4,53,5.9,121,Maize
64,46,48,18.9,70,5.8,96,Maize
75,55,38,21.7,68,6.8,106,Maize
82,58,41,21.1,50,6.0,100,Maize
53,39,43,19.4,70,6.9,112,Maize
83,36,34,20.1,61,6.1,129,Maize
79,55,34,26.8,61,6.5,144,Maize
68,44,39,20.9,57,6.1,89,Maize
78,59,48,23.1,59,6.0,98,Maize
90,54,33,20.9,70,6.2,135,Maize
87,54,46,21.0,53,6.7,111,Maize
82,46,32,20.4,67,6.2,96,Maize
89,45,33,19.6,54,6.2,80,Maize
88,36,45,26.3,67,6.4,75,Maize
63,54,34,25.1,54,6.9,82,Maize
61,58,41,20.9,60,6.6,64,Maize
80,44,36,25.4,69,6.5,92,Maize
71,44,36,23.3,67,5.9,87,Maize
51,58,37,25.7,64,6.3,122,Maize
83,38,41,25.8,63,6.0,92,Maize
85,30,37,18.1,54,5.9,108,Maize
74,53,43,26.3,63,6.4,148,Maize
87,39,35,18.5,55,6.7,148,Maize
78,30,43,19.6,57,6.3,126,Maize
53,35,47,18.7,58,7.0,94,Maize
67,56,30,25.6,57,6.6,84,Maize
90,44,40,23.6,65,6.9,57,Maize
89,30,38,24.8,53,6.8,128,Maize
66,30,32,22.4,57,6.3,99,Maize
82,45,34,25.1,61,6.8,102,Maize
59,54,30,22.1,60,5.9,114,Maize
65,60,42,26.5,50,6.0,94,Maize
59,51,36,23.1,64,6.7,127,Maize
74,54,41,22.4,70,6.0,111,Maize
76,47,39,20.4,69,7.0,139,Maize
52,51,32,20.8,64,5.9,121,Maize
88,47,35,19.4,52,6.9,75,Maize
62,42,38,23.9,67,6.2,127,Maize
67,52,42,21.5,61,6.3,120,Maize
78,32,45,23.4,68,6.8,148,Maize
57,45,50,22.4,62,5.8,90,Maize
84,50,50,18.3,55,6.4,94,Maize
58,60,43,20.7,56,6.7,75,Maize
58,45,46,19.7,56,6.5,53,Maize
83,53,46,19.9,67,5.9,78,Maize
76,33,37,21.6,65,6.2,111,Maize
84,33,31,20.8,56,6.7,92,Maize
71,55,34,20.8,52,6.5,83,Maize
62,57,41,20.9,68,6.8,149,Maize
70,50,39,23.4,70,6.9,131,Maize
61,58,49,19.2,67,7.0,104,Maize
82,57,35,25.0,55,6.3,111,Maize
69,54,41,22.1,54,6.5,85,Maize
72,44,30,26.2,61,6.1,97,Maize
56,40,45,24.5,63,6.9,140,Maize
82,45,39,22.5,66,6.5,74,Maize
84,41,38,18.3,65,5.8,116,Maize
79,30,35,22.8,52,6.5,53,Maize
87,33,50,25.1,53,6.0,77,Maize
87,41,32,26.6,66,6.5,131,Maize
60,46,42,20.9,55,6.1,86,Maize
60,40,31,18.8,66,6.7,83,Maize
54,58,48,18.5,62,6.0,131,Maize
74,36,44,22.2,60,5.8,83,Maize
71,34,39,23.4,54,6.4,65,Maize
86,42,31,20.7,52,6.1,83,Maize
72,46,40,21.7,50,6.5,108,Maize
54,43,41,23.1,50,7.0,83,Maize
72,35,36,24.3,55,6.0,135,Maize
64,51,34,23.3,62,6.6,71,Maize
51,31,40,19.2,52,6.3,129,Maize
59,32,31,22.9,61,7.0,146,Maize
70,44,40,23.1,54,6.5,117,Maize
62,56,39,19.5,61,5.9,145,Maize
59,33,37,25.2,64,6.5,92,Maize
76,59,40,26.1,65,6.6,94,Maize
56,50,37,24.6,68,6.3,111,Maize
77,35,48,26.7,70,6.5,126,Maize
68,30,31,18.7,69,6.6,58,Maize
57,35,43,23.4,53,5.9,54,Maize
78,51,35,19.7,51,6.9,124,Maize
75,57,44,20.4,56,6.2,57,Maize
89,40,44,21.0,70,6.6,96,Maize
70,56,37,22.0,62,6.8,99,Maize
84,30,47,19.6,50,5.9,97,Maize
84,54,49,22.7,63,6.1,53,Maize
51,33,50,24.4,56,6.2,93,Maize
62,41,40,25.1,52,6.3,98,Maize
54,60,33,25.9,65,5.8,88,Maize
57,52,31,21.5,56,6.6,81,Maize
81,58,45,25.5,58,6.7,64,Maize
89,51,33,23.0,56,6.4,75,Maize
87,48,33,23.7,70,6.9,140,Maize
78,40,41,19.8,57,6.2,122,Maize
63,60,40,24.4,62,5.9,109,Maize
86,44,38,22.6,64,6.8,112,Maize
64,42,47,19.1,58,6.6,52,Maize
79,56,44,23.3,54,6.4,90,Maize
65,42,43,20.9,56,6.2,60,Maize
76,45,47,23.5,66,6.7,81,Maize
69,58,39,26.3,64,6.6,119,Maize
63,37,35,26.7,56,6.5,125,Maize
82,48,48,20.9,64,6.4,82,Maize
79,43,37,21.5,56,5.9,142,Maize
76,32,30,21.4,52,5.8,68,Maize
82,59,34,26.8,59,6.4,80,Maize
80,35,45,23.7,68,5.9,78,Maize
87,36,34,20.4,52,5.9,89,Maize
83,33,39,21.7,57,6.0,127,Maize
66,34,42,25.9,65,6.4,136,Maize
98,42,53,27.5,42,6.7,50,Cotton
92,36,55,23.5,55,7.0,108,Cotton
98,44,49,23.4,48,6.2,120,Cotton
95,35,52,31.8,42,6.5,60,Cotton
79,50,43,24.0,53,6.9,95,Cotton
92,44,60,31.6,53,7.4,68,Cotton
74,47,58,31.8,60,7.4,53,Cotton
109,41,49,31.6,58,7.1,116,Cotton
76,44,42,28.2,44,6.5,99,Cotton
77,36,45,31.4,57,6.7,93,Cotton
100,41,54,22.1,44,7.1,66,Cotton
97,32,56,23.6,50,6.3,105,Cotton
98,50,54,25.1,40,6.1,56,Cotton
70,33,49,26.2,42,6.8,94,Cotton
89,48,40,25.8,41,6.9,120,Cotton
79,40,49,22.2,48,7.0,119,Cotton
107,32,51,25.9,44,6.2,101,Cotton
99,43,42,28.1,59,6.4,100,Cotton
101,49,54,26.0,53,6.9,109,Cotton
93,37,40,31.8,46,7.3,52,Cotton
101,32,47,24.0,46,7.4,69,Cotton
94,40,46,27.9,57,6.9,76,Cotton
97,30,42,29.8,41,7.4,88,Cotton
90,42,43,23.2,53,7.1,56,Cotton
93,49,46,27.8,54,6.4,104,Cotton
82,35,52,28.1,57,7.1,61,Cotton
71,35,59,23.7,41,7.1,102,Cotton
88,34,59,30.5,47,7.1,62,Cotton
76,40,52,30.7,60,7.3,120,Cotton
94,49,58,22.0,45,6.8,108,Cotton
73,40,52,28.9,60,6.6,89,Cotton
77,35,52,22.4,60,6.2,101,Cotton
94,46,58,28.6,46,7.4,76,Cotton
91,32,41,27.5,53,7.2,52,Cotton
94,49,48,27.8,49,7.5,97,Cotton
91,33,58,25.7,56,7.5,52,Cotton
86,42,40,27.0,55,6.1,68,Cotton
79,33,46,23.1,52,6.7,115,Cotton
83,44,51,23.6,58,6.8,97,Cotton
78,35,53,27.6,49,7.5,110,Cotton
95,31,60,27.2,41,6.4,113,Cotton
77,32,44,24.3,45,6.3,53,Cotton
83,38,48,23.2,52,7.5,107,Cotton
102,45,44,30.3,44,7.0,94,Cotton
74,33,60,28.2,60,6.1,90,Cotton
76,42,55,31.8,50,7.4,100,Cotton
103,39,40,27.0,56,6.3,60,Cotton
94,49,56,31.8,57,6.0,84,Cotton
106,47,48,30.0,44,7.5,96,Cotton
100,40,56,30.7,42,6.9,109,Cotton
71,50,58,31.6,51,6.1,67,Cotton
102,45,45,24.7,43,6.9,50,Cotton
110,37,52,22.7,42,7.5,52,Cotton
70,37,60,28.4,42,6.3,50,Cotton
99,43,41,22.6,49,7.4,83,Cotton
74,34,46,25.4,51,7.0,51,Cotton
98,40,58,22.8,60,6.3,51,Cotton
79,34,50,29.6,45,6.8,120,Cotton
78,44,55,27.1,47,6.9,87,Cotton
70,38,47,23.1,43,6.6,79,Cotton
108,39,60,27.3,53,7.0,119,Cotton
83,46,45,30.2,52,6.3,113,Cotton
94,48,54,29.7,44,6.5,64,Cotton
97,38,54,25.0,42,6.8,111,Cotton
84,36,46,22.9,56,6.3,88,Cotton
95,31,49,25.2,46,7.3,84,Cotton
75,34,44,28.8,56,6.7,54,Cotton
102,45,44,28.8,40,7.1,64,Cotton
91,31,41,24.9,47,6.9,114,Cotton
81,44,42,28.3,46,6.4,94,Cotton
95,43,60,23.9,49,6.6,65,Cotton
87,38,44,27.4,53,6.2,81,Cotton
102,38,60,24.3,59,7.5,67,Cotton
83,31,52,23.3,59,6.4,91,Cotton
79,48,40,28.0,41,6.5,110,Cotton
108,31,55,28.2,51,7.3,63,Cotton
76,47,40,29.9,45,6.3,95,Cotton
110,45,51,28.6,60,6.1,54,Cotton
91,48,59,22.1,42,7.3,76,Cotton
73,40,45,31.5,52,7.0,116,Cotton
77,38,40,29.4,49,7.0,81,Cotton
75,30,57,31.1,57,7.0,56,Cotton
101,50,43,30.7,47,7.4,72,Cotton
94,39,51,24.4,40,7.0,97,Cotton
104,44,54,28.2,55,6.1,100,Cotton
76,40,42,24.2,46,6.7,99,Cotton
90,39,45,25.1,57,7.5,75,Cotton
100,49,44,28.8,55,6.4,66,Cotton
97,48,57,30.3,52,6.6,55,Cotton
79,46,41,26.4,57,6.3,90,Cotton
90,50,51,29.6,54,6.9,96,Cotton
74,33,47,25.2,60,6.9,104,Cotton
108,36,45,30.6,45,6.6,50,Cotton
110,36,44,27.3,46,6.0,117,Cotton
89,40,45,22.5,47,6.9,103,Cotton
95,40,58,23.9,60,7.0,83,Cotton
102,35,52,30.1,46,7.1,118,Cotton
86,36,57,28.0,51,7.4,75,Cotton
101,46,53,28.0,49,6.6,65,Cotton
76,36,55,26.2,58,7.5,104,Cotton
105,32,40,30.9,56,6.2,102,Cotton
84,35,52,29.0,58,6.6,65,Cotton
102,43,55,26.9,42,6.0,99,Cotton
92,44,43,28.3,42,7.0,73,Cotton
72,47,58,28.1,59,6.0,67,Cotton
73,35,50,25.6,56,7.0,87,Cotton
102,37,54,28.0,50,6.4,100,Cotton
83,36,47,30.1,48,6.8,64,Cotton
100,35,56,26.9,55,6.2,77,Cotton
104,45,41,24.0,57,7.4,61,Cotton
71,49,59,24.7,59,6.9,115,Cotton
70,41,42,24.7,58,6.2,53,Cotton
99,43,46,27.5,47,6.4,110,Cotton
93,33,55,31.7,53,7.0,93,Cotton
94,45,55,27.9,55,7.3,115,Cotton
73,39,48,30.8,46,6.3,94,Cotton
80,43,44,27.6,59,7.1,59,Cotton
110,41,58,28.7,58,7.5,54,Cotton
82,33,53,29.7,54,6.7,94,Cotton
110,49,47,24.0,57,6.4,106,Cotton
91,32,54,31.5,46,6.6,64,Cotton
80,34,60,24.7,49,6.6,70,Cotton
96,37,44,23.5,40,6.8,89,Cotton
85,38,58,26.6,45,6.5,83,Cotton
71,43,53,28.2,50,6.2,110,Cotton
74,38,42,29.5,52,6.9,51,Cotton
85,45,43,29.3,53,7.0,55,Cotton
89,50,52,30.0,49,7.2,93,Cotton
84,40,46,26.9,54,7.2,93,Cotton
95,50,50,31.4,52,7.4,108,Cotton
73,38,42,26.3,48,7.4,99,Cotton
108,36,52,28.9,56,6.9,65,Cotton
75,41,57,24.8,44,6.4,57,Cotton
79,40,56,32.0,49,6.1,92,Cotton
103,47,49,30.7,48,6.3,62,Cotton
110,43,59,25.1,56,7.5,113,Cotton
82,30,54,29.2,42,6.0,108,Cotton
78,33,52,31.5,51,6.9,112,Cotton
91,49,44,26.3,46,6.3,110,Cotton
85,42,41,31.0,40,6.5,83,Cotton
93,34,47,25.2,46,7.3,81,Cotton
108,32,49,24.7,42,7.3,118,Cotton
80,49,57,31.3,41,6.7,110,Cotton
95,32,42,22.2,44,6.7,67,Cotton
76,42,49,25.9,55,6.8,66,Cotton
100,44,55,29.6,47,6.7,99,Cotton
72,50,50,25.2,47,6.2,116,Cotton
71,36,47,23.4,46,7.0,52,Cotton
92,34,58,32.0,47,6.8,98,Cotton
88,35,45,27.8,47,6.0,95,Cotton
86,44,50,31.1,53,6.0,60,Cotton
105,30,46,22.6,54,7.3,58,Cotton
76,41,42,28.5,48,6.2,95,Cotton
91,31,45,23.4,50,6.6,83,Cotton
103,35,48,22.9,54,7.5,72,Cotton
82,47,40,23.0,42,6.7,52,Cotton
90,48,59,22.5,42,7.3,86,Cotton
90,35,45,26.6,53,6.6,97,Cotton
95,38,40,28.9,44,6.7,70,Cotton
92,39,47,31.5,48,6.5,98,Cotton
109,41,50,24.1,52,7.2,68,Cotton
110,44,54,29.4,60,6.1,76,Cotton
102,44,41,23.0,47,6.5,85,Cotton
94,35,44,31.6,49,7.4,95,Cotton
80,49,41,29.3,46,6.6,110,Cotton
108,36,42,29.0,51,7.4,97,Cotton
81,47,42,31.3,58,7.4,100,Cotton
100,48,56,25.5,50,6.8,113,Cotton
81,41,45,23.4,48,7.2,119,Cotton
95,50,46,30.1,42,7.4,112,Cotton
76,37,55,23.0,44,6.8,63,Cotton
97,36,41,26.5,56,7.3,62,Cotton
88,35,52,28.0,51,6.1,73,Cotton
102,39,47,29.4,58,6.6,103,Cotton
110,49,56,31.2,49,7.1,100,Cotton
92,48,43,31.2,53,6.8,93,Cotton
90,32,44,26.3,49,7.2,58,Cotton
71,41,43,29.6,48,7.1,70,Cotton
72,50,57,25.9,55,7.1,90,Cotton
77,46,47,27.4,40,6.4,87,Cotton
101,46,59,23.4,54,6.1,97,Cotton
99,46,58,26.1,43,7.1,61,Cotton
80,36,47,28.9,48,6.3,88,Cotton
70,46,43,31.6,56,7.5,109,Cotton
88,49,47,27.3,43,6.6,63,Cotton
88,31,42,22.1,55,6.1,62,Cotton
98,36,59,25.4,59,7.1,54,Cotton
81,36,47,31.8,48,7.4,76,Cotton
73,46,57,30.7,53,6.5,74,Cotton
85,35,46,28.8,45,7.4,70,Cotton
99,32,42,26.9,46,7.3,102,Cotton
94,36,44,27.8,45,7.2,103,Cotton
76,37,50,30.3,40,6.8,62,Cotton
96,48,41,31.1,40,7.5,94,Cotton
78,48,42,26.8,55,6.6,65,Cotton
106,37,53,26.4,59,6.1,109,Cotton
105,50,57,25.4,50,7.1,78,Cotton
108,47,54,26.8,57,7.0,104,Cotton
106,43,60,29.7,55,6.4,108,Cotton
97,50,47,30.2,42,6.4,75,Cotton
76,30,56,31.9,53,7.3,55,Cotton
97,43,46,31.6,54,7.1,117,Cotton
87,38,59,32.0,49,6.5,89,Cotton
103,37,55,31.0,59,6.9,93,Cotton
110,32,59,22.4,53,6.2,109,Cotton
103,33,50,31.5,53,7.1,86,Cotton
73,32,44,26.3,50,6.7,116,Cotton
76,34,49,25.6,46,6.6,81,Cotton
70,30,42,22.7,43,7.2,55,Cotton
95,44,49,24.1,48,6.2,113,Cotton
107,49,54,26.0,48,7.0,86,Cotton
78,35,40,22.0,58,7.3,99,Cotton
70,40,56,25.1,59,7.5,95,Cotton
95,34,46,24.1,55,7.0,79,Cotton
85,38,47,26.4,60,7.5,83,Cotton
105,32,56,24.9,54,7.5,57,Cotton
78,35,50,22.3,54,6.8,70,Cotton
70,41,54,27.0,47,6.3,51,Cotton
82,34,43,29.0,43,6.8,120,Cotton
85,37,56,24.6,53,6.9,63,Cotton
100,53,73,22.5,78,6.2,153,Sugarcane
129,58,50,25.7,84,7.2,247,Sugarcane
112,62,73,23.5,79,6.8,151,Sugarcane
136,64,52,23.7,79,6.7,201,Sugarcane
106,46,62,23.7,73,7.4,156,Sugarcane
130,50,69,24.8,76,7.4,174,Sugarcane
107,42,58,28.8,80,7.0,155,Sugarcane
126,58,72,20.2,84,6.8,168,Sugarcane
115,54,72,22.3,77,6.4,130,Sugarcane
122,45,73,21.5,74,6.6,115,Sugarcane
101,54,60,25.4,71,6.3,154,Sugarcane
120,60,77,28.5,83,6.9,127,Sugarcane
128,42,69,22.3,81,7.0,198,Sugarcane
112,44,61,24.4,70,7.5,122,Sugarcane
119,59,72,25.5,84,7.4,231,Sugarcane
133,48,76,20.5,70,7.4,213,Sugarcane
128,61,71,20.3,84,6.4,243,Sugarcane
127,55,79,22.4,79,7.1,185,Sugarcane
125,54,52,29.2,84,6.2,188,Sugarcane
99,44,74,25.1,83,6.3,126,Sugarcane
130,62,50,24.3,70,7.0,185,Sugarcane
125,43,52,26.0,70,6.5,249,Sugarcane
135,62,66,21.0,82,6.1,176,Sugarcane
133,69,76,23.5,83,6.2,160,Sugarcane
137,68,76,25.7,82,7.3,153,Sugarcane
126,49,76,23.1,70,6.7,120,Sugarcane
127,50,74,20.2,72,7.3,239,Sugarcane
115,70,75,24.4,83,7.4,218,Sugarcane
102,66,59,20.0,83,6.2,245,Sugarcane
115,52,73,26.2,83,7.1,249,Sugarcane
135,58,65,25.9,79,7.1,125,Sugarcane
126,43,61,25.9,75,7.3,206,Sugarcane
120,58,62,26.1,79,6.2,162,Sugarcane
132,60,70,25.1,71,6.5,112,Sugarcane
99,70,63,21.7,80,6.6,200,Sugarcane
134,44,65,29.7,84,6.3,211,Sugarcane
138,40,58,24.5,82,7.0,238,Sugarcane
113,69,67,27.6,84,7.0,112,Sugarcane
98,66,67,23.3,78,6.1,236,Sugarcane
115,64,67,26.7,80,7.3,151,Sugarcane
134,59,77,25.4,76,6.9,247,Sugarcane
103,53,59,27.8,76,7.2,129,Sugarcane
118,70,66,22.8,84,7.1,227,Sugarcane
101,46,78,26.5,70,7.2,124,Sugarcane
92,56,76,24.6,73,6.7,172,Sugarcane
130,47,55,23.2,76,7.3,171,Sugarcane
140,54,69,29.8,80,6.8,222,Sugarcane
94,49,60,21.9,77,7.1,113,Sugarcane
97,52,74,29.3,80,6.2,208,Sugarcane
103,41,71,23.3,70,6.9,233,Sugarcane
127,57,76,27.8,73,6.1,128,Sugarcane
99,58,57,20.8,82,7.4,141,Sugarcane
106,56,61,24.2,81,6.4,121,Sugarcane
126,46,79,27.2,85,7.4,248,Sugarcane
114,50,74,23.4,70,6.9,170,Sugarcane
108,55,66,22.1,83,7.4,173,Sugarcane
97,57,53,26.5,80,7.1,119,Sugarcane
102,52,61,26.3,74,6.5,199,Sugarcane
114,51,79,21.0,72,7.0,226,Sugarcane
92,70,55,25.0,75,6.4,176,Sugarcane
94,68,65,26.1,77,7.3,239,Sugarcane
106,54,54,28.6,78,7.4,163,Sugarcane
132,45,63,21.6,71,6.2,186,Sugarcane
93,69,75,26.5,84,7.2,122,Sugarcane
105,63,53,20.7,70,6.8,177,Sugarcane
140,52,65,21.2,79,6.1,140,Sugarcane
107,57,66,22.5,71,7.3,213,Sugarcane
123,50,50,20.6,83,6.4,241,Sugarcane
114,70,76,28.1,82,7.0,114,Sugarcane
98,44,70,24.7,83,6.6,175,Sugarcane
125,40,50,27.4,81,6.3,150,Sugarcane
93,64,76,24.1,74,6.8,141,Sugarcane
126,41,57,24.3,73,6.6,161,Sugarcane
116,61,57,27.7,75,7.5,167,Sugarcane
90,59,66,25.4,76,6.5,130,Sugarcane
108,50,66,29.3,82,6.6,218,Sugarcane
97,45,61,29.6,82,7.0,112,Sugarcane
100,69,61,25.1,70,6.0,220,Sugarcane
95,56,69,23.4,73,6.6,105,Sugarcane
139,40,79,29.5,76,7.0,124,Sugarcane
100,51,62,21.0,81,7.2,150,Sugarcane
140,45,63,27.4,77,6.3,200,Sugarcane
111,59,77,26.9,84,6.3,229,Sugarcane
129,62,68,21.9,79,6.7,178,Sugarcane
124,68,64,28.2,81,6.3,204,Sugarcane
91,43,61,23.6,75,7.5,135,Sugarcane
99,56,80,28.1,84,7.1,143,Sugarcane
97,54,55,23.5,78,7.2,177,Sugarcane
104,59,75,26.1,79,6.2,159,Sugarcane
94,59,64,26.5,73,6.9,246,Sugarcane
140,45,80,24.0,81,6.1,114,Sugarcane
113,63,62,28.2,76,7.4,143,Sugarcane
117,58,78,27.4,73,7.5,121,Sugarcane
112,56,78,23.2,85,6.5,102,Sugarcane
96,44,63,24.2,79,6.1,229,Sugarcane
139,64,69,25.2,77,6.7,127,Sugarcane
129,49,75,26.2,82,7.2,110,Sugarcane
125,67,67,27.6,81,6.8,132,Sugarcane
105,58,50,23.2,75,6.2,139,Sugarcane
101,59,77,21.1,81,6.3,249,Sugarcane
99,60,64,27.3,71,7.0,231,Sugarcane
123,69,54,22.7,72,6.9,141,Sugarcane
107,56,60,28.2,76,7.0,198,Sugarcane
140,69,51,29.2,78,6.6,183,Sugarcane
95,52,69,22.0,75,7.3,150,Sugarcane
99,46,50,27.6,71,6.4,187,Sugarcane
139,47,56,24.3,74,7.5,191,Sugarcane
112,55,62,20.9,81,7.2,157,Sugarcane
122,48,74,20.9,80,7.2,196,Sugarcane
125,55,56,27.3,71,7.3,107,Sugarcane
110,46,80,29.3,83,7.3,182,Sugarcane
114,41,71,24.0,71,7.4,190,Sugarcane
114,59,53,29.3,78,6.9,203,Sugarcane
120,44,61,22.3,82,6.0,209,Sugarcane
104,57,63,20.6,73,6.3,115,Sugarcane
118,47,60,24.4,76,6.2,147,Sugarcane
95,42,77,21.1,77,6.5,200,Sugarcane
96,47,51,22.4,77,6.4,154,Sugarcane
105,44,60,23.9,74,6.7,156,Sugarcane
102,45,61,22.9,79,6.1,222,Sugarcane
96,62,75,29.4,81,6.6,191,Sugarcane
122,61,73,23.7,78,6.3,148,Sugarcane
133,51,61,28.0,85,7.3,137,Sugarcane
91,47,66,26.7,76,6.9,185,Sugarcane
126,48,64,27.3,70,6.9,211,Sugarcane
127,40,73,20.5,82,6.9,195,Sugarcane
128,42,72,21.6,71,7.3,109,Sugarcane
121,40,58,22.8,84,7.1,128,Sugarcane
107,49,59,20.9,71,6.1,174,Sugarcane
123,51,52,21.3,84,7.4,223,Sugarcane
96,48,79,21.3,83,6.4,220,Sugarcane
103,65,53,27.0,72,6.8,150,Sugarcane
134,56,75,28.1,85,6.5,184,Sugarcane
99,64,51,20.7,70,6.7,130,Sugarcane
114,68,51,20.2,74,7.0,198,Sugarcane
101,51,53,21.6,74,6.3,150,Sugarcane
121,45,63,28.4,75,7.4,152,Sugarcane
129,47,80,23.4,75,7.2,137,Sugarcane
114,49,80,26.8,71,6.9,148,Sugarcane
111,65,80,25.6,80,6.4,122,Sugarcane
99,68,55,25.3,72,6.4,136,Sugarcane
96,47,65,21.6,74,7.4,178,Sugarcane
126,50,63,22.0,82,7.3,160,Sugarcane
101,66,55,28.7,73,6.7,188,Sugarcane
127,52,56,28.7,82,7.2,108,Sugarcane
122,55,70,26.6,73,6.1,112,Sugarcane
93,40,66,21.3,76,6.2,241,Sugarcane
94,41,77,21.2,74,7.1,173,Sugarcane
133,43,69,22.9,85,6.5,234,Sugarcane
101,43,63,25.7,78,6.7,188,Sugarcane
110,55,55,21.7,82,7.3,233,Sugarcane
101,59,64,26.8,72,7.2,122,Sugarcane
104,67,58,25.1,70,6.3,224,Sugarcane
96,70,56,25.9,84,6.8,244,Sugarcane
97,57,80,26.6,74,7.5,129,Sugarcane
138,58,80,23.4,81,6.1,250,Sugarcane
122,43,59,28.7,76,7.0,238,Sugarcane
132,63,73,22.4,84,6.2,117,Sugarcane
98,62,67,21.6,82,6.8,115,Sugarcane
135,56,52,28.4,78,6.3,108,Sugarcane
112,67,57,26.8,82,6.4,211,Sugarcane
110,62,66,28.1,78,6.3,150,Sugarcane
120,43,72,20.4,83,6.2,202,Sugarcane
137,50,75,28.3,75,6.4,201,Sugarcane
111,68,70,29.5,77,6.7,221,Sugarcane
114,57,73,29.7,78,7.0,134,Sugarcane
96,42,51,23.5,72,6.1,161,Sugarcane
109,60,60,26.6,73,7.4,126,Sugarcane
139,54,56,25.4,76,7.0,129,Sugarcane
137,60,63,26.6,73,6.7,237,Sugarcane
117,41,74,27.1,82,6.6,154,Sugarcane
126,50,60,24.3,72,7.2,170,Sugarcane
116,60,69,26.4,73,6.9,129,Sugarcane
102,64,75,24.0,85,6.5,184,Sugarcane
105,49,66,22.4,77,6.4,174,Sugarcane
126,68,58,23.2,81,6.8,175,Sugarcane
121,50,52,21.7,80,6.4,207,Sugarcane
90,42,75,24.6,79,7.1,180,Sugarcane
93,57,76,22.3,70,6.6,171,Sugarcane
107,42,72,23.6,83,6.8,104,Sugarcane
124,52,70,26.6,84,6.3,236,Sugarcane
116,49,55,23.8,84,7.0,115,Sugarcane
100,66,50,29.3,71,6.9,243,Sugarcane
107,49,79,26.5,79,6.7,102,Sugarcane
91,46,63,25.2,71,6.5,117,Sugarcane
124,57,68,28.2,71,7.3,199,Sugarcane
128,59,72,28.5,71,6.3,157,Sugarcane
107,69,69,20.5,78,7.2,180,Sugarcane
116,69,64,20.3,71,6.1,112,Sugarcane
107,40,57,22.5,74,7.5,154,Sugarcane
124,56,52,24.3,77,6.1,155,Sugarcane
110,62,53,22.2,78,6.5,177,Sugarcane
133,60,53,20.8,77,6.1,116,Sugarcane
134,45,56,26.7,80,6.6,226,Sugarcane
100,60,53,29.3,81,6.0,118,Sugarcane
111,55,69,24.8,82,6.9,131,Sugarcane
130,40,80,27.2,80,7.3,210,Sugarcane
125,57,67,20.6,79,7.0,185,Sugarcane
132,64,80,22.5,76,6.9,241,Sugarcane
97,43,79,25.7,76,7.4,168,Sugarcane
100,69,79,29.0,84,6.6,226,Sugarcane
117,46,69,27.4,72,7.1,105,Sugarcane
110,53,68,20.5,77,6.3,124,Sugarcane
90,69,76,20.6,76,7.0,231,Sugarcane
122,49,58,21.0,76,6.7,248,Sugarcane
97,56,52,20.5,76,7.4,213,Sugarcane
104,70,55,23.7,78,6.4,112,Sugarcane
100,60,55,25.0,76,6.6,190,Sugarcane
136,59,77,29.9,82,6.0,144,Sugarcane
140,70,62,21.1,74,6.5,105,Sugarcane
135,44,55,25.0,70,7.1,128,Sugarcane
125,56,56,25.4,71,6.4,175,Sugarcane
136,67,80,23.1,77,6.4,231,Sugarcane
96,69,55,29.2,81,7.5,179,Sugarcane
131,58,52,26.6,84,6.3,168,Sugarcane
116,68,70,22.8,77,7.4,235,Sugarcane
91,55,67,21.3,74,6.5,151,Sugarcane
95,48,72,26.7,73,6.2,198,Sugarcane
109,61,65,20.9,78,7.0,221,Sugarcane
109,49,73,24.1,73,6.2,123,Sugarcane
98,38,77,31.6,74,6.2,222,Banana
87,37,74,31.1,70,6.0,184,Banana
116,59,61,28.5,83,6.0,128,Banana
90,47,67,26.6,85,5.6,179,Banana
102,38,74,26.9,80,5.8,202,Banana
94,57,76,31.3,87,6.3,136,Banana
115,54,87,28.6,88,6.3,171,Banana
119,42,67,25.2,89,5.7,224,Banana
81,50,73,31.8,73,6.8,111,Banana
111,44,85,25.1,74,6.1,135,Banana
116,56,73,25.5,90,6.2,172,Banana
95,33,83,30.1,90,6.4,203,Banana
110,32,71,25.8,85,5.9,230,Banana
104,44,79,29.7,71,6.7,129,Banana
107,31,69,27.1,82,6.0,250,Banana
94,58,66,26.6,79,6.5,202,Banana
86,31,77,28.4,88,6.7,176,Banana
102,57,78,27.0,79,5.7,153,Banana
87,40,60,28.6,72,6.8,200,Banana
118,52,87,30.5,75,6.7,143,Banana
86,46,90,26.8,82,6.5,244,Banana
102,47,76,30.6,70,6.1,166,Banana
87,41,80,29.6,86,5.9,150,Banana
107,57,69,24.1,78,6.0,209,Banana
88,40,75,26.1,82,6.2,179,Banana
112,57,73,30.7,78,6.2,238,Banana
91,60,83,30.5,77,5.6,226,Banana
96,41,89,27.4,78,5.6,147,Banana
85,41,77,26.1,78,6.0,240,Banana
117,53,78,25.6,87,6.4,156,Banana
90,47,81,29.2,89,5.9,131,Banana
94,56,79,24.8,79,6.0,206,Banana
118,40,70,31.4,79,6.2,172,Banana
93,46,69,30.7,73,5.6,186,Banana
94,53,69,28.7,82,6.4,180,Banana
100,35,65,31.0,87,6.2,122,Banana
86,55,72,29.0,75,6.4,107,Banana
94,30,67,28.5,81,6.1,170,Banana
90,46,71,24.6,90,6.3,225,Banana
115,33,72,29.7,88,6.3,190,Banana
118,41,89,25.6,88,6.1,168,Banana
99,48,87,31.6,70,6.9,118,Banana
110,38,77,29.9,85,6.5,213,Banana
118,37,60,26.7,70,6.5,150,Banana
112,39,82,30.6,80,6.5,107,Banana
115,41,78,28.9,70,6.7,119,Banana
107,59,73,25.3,78,5.9,139,Banana
109,47,61,25.9,73,6.7,237,Banana
97,31,83,24.7,73,7.0,203,Banana
107,60,64,31.4,76,6.6,209,Banana
100,43,83,24.2,81,5.6,166,Banana
115,43,61,28.9,74,6.4,146,Banana
84,33,72,30.0,87,5.9,216,Banana
86,51,80,27.1,86,5.6,147,Banana
109,38,79,31.3,70,5.8,231,Banana
116,32,64,30.1,71,5.6,157,Banana
106,58,87,27.9,72,5.8,161,Banana
92,31,72,30.6,84,6.2,105,Banana
95,44,81,27.6,82,5.5,233,Banana
101,45,87,27.2,86,6.9,234,Banana
106,47,71,31.9,89,6.7,190,Banana
95,55,89,26.9,71,5.6,125,Banana
113,43,77,31.3,87,5.5,227,Banana
91,40,64,31.2,74,6.6,192,Banana
103,34,88,31.0,85,6.5,119,Banana
84,56,72,24.6,76,6.7,208,Banana
115,44,81,31.7,79,6.1,117,Banana
102,57,90,24.0,87,5.7,156,Banana
107,30,87,26.8,72,5.7,134,Banana
114,50,80,24.2,77,6.3,190,Banana
113,50,70,27.3,72,6.2,192,Banana
104,49,63,30.0,90,6.1,171,Banana
108,37,77,24.3,79,6.4,238,Banana
102,43,68,29.1,86,6.0,205,Banana
119,50,87,28.3,78,5.6,249,Banana
103,37,68,28.6,87,6.5,239,Banana
120,50,70,26.8,90,6.1,236,Banana
89,51,73,26.9,70,6.1,243,Banana
109,38,73,28.3,83,6.6,170,Banana
101,31,80,26.5,85,6.8,187,Banana
92,49,63,28.6,77,5.5,164,Banana
118,39,70,24.1,86,6.2,110,Banana
115,54,62,24.6,70,5.9,242,Banana
81,54,83,27.8,86,6.8,230,Banana
87,51,90,28.6,87,6.4,229,Banana
107,43,64,25.9,79,6.4,144,Banana
119,57,87,25.0,85,6.1,111,Banana
93,52,71,30.9,82,6.8,243,Banana
109,55,85,28.0,77,6.3,182,Banana
114,36,81,24.7,77,5.6,228,Banana
106,56,69,29.0,85,6.9,186,Banana
94,59,63,29.2,90,5.8,244,Banana
84,56,62,30.7,72,6.7,207,Banana
100,38,90,31.8,85,5.5,229,Banana
90,34,66,28.8,71,6.7,119,Banana
117,56,73,25.7,88,5.8,225,Banana
92,55,74,28.5,75,6.7,230,Banana
86,36,71,24.2,78,5.6,228,Banana
111,46,78,28.2,86,5.6,182,Banana
85,57,70,24.1,89,6.3,199,Banana
109,57,77,31.9,89,6.3,239,Banana
106,41,60,25.4,81,6.2,130,Banana
98,35,68,30.9,80,6.8,170,Banana
81,32,81,28.0,77,6.0,155,Banana
116,55,73,27.6,75,6.7,189,Banana
111,60,84,28.7,90,5.7,142,Banana
100,35,82,26.8,79,5.9,231,Banana
86,44,74,30.5,83,5.7,158,Banana
81,44,83,30.5,81,5.7,157,Banana
98,30,88,30.8,80,6.8,216,Banana
81,41,81,26.1,76,6.5,100,Banana
88,50,66,28.4,75,6.4,213,Banana
89,34,80,28.7,90,5.8,177,Banana
110,50,71,31.6,81,6.6,213,Banana
109,37,82,29.8,88,6.3,167,Banana
86,37,78,26.9,77,6.2,100,Banana
105,37,69,29.2,70,6.2,181,Banana
106,46,71,30.8,78,6.0,209,Banana
89,49,84,24.6,75,6.1,127,Banana
107,48,78,28.8,84,6.9,175,Banana
100,30,73,25.9,88,5.6,126,Banana
88,46,79,24.6,72,6.6,207,Banana
119,36,62,29.6,72,6.2,122,Banana
104,37,65,27.7,83,5.6,247,Banana
96,38,75,25.6,77,6.7,164,Banana
97,40,82,25.6,70,6.5,181,Banana
109,36,74,29.1,84,6.6,237,Banana
90,40,64,31.7,74,6.8,102,Banana
97,41,90,26.0,85,6.0,172,Banana
114,35,79,29.9,88,6.2,102,Banana
117,47,65,28.5,86,5.8,147,Banana
97,38,66,24.2,89,6.4,101,Banana
91,33,72,27.5,81,5.8,160,Banana
99,52,81,30.0,89,5.6,108,Banana
90,54,67,25.5,90,6.5,163,Banana
116,30,82,26.3,78,6.3,221,Banana
85,48,77,24.4,85,6.5,230,Banana
111,51,69,24.5,73,6.7,117,Banana
100,52,76,26.2,82,6.0,169,Banana
103,59,64,30.7,78,6.8,211,Banana
83,33,78,31.2,81,6.7,244,Banana
92,52,65,24.9,72,5.5,152,Banana
117,37,90,25.0,72,5.6,184,Banana
102,39,70,31.0,90,5.7,136,Banana
83,35,71,29.3,86,6.4,117,Banana
108,31,80,28.4,77,5.7,194,Banana
81,59,70,28.6,82,6.4,105,Banana
97,58,78,29.6,72,6.9,118,Banana
115,58,74,31.3,71,6.8,213,Banana
110,60,63,24.4,83,6.7,230,Banana
102,33,68,31.4,80,5.9,234,Banana
102,38,65,29.5,79,5.8,247,Banana
99,31,60,28.8,78,5.8,235,Banana
102,57,69,31.6,83,5.6,216,Banana
109,40,90,30.5,76,7.0,235,Banana
98,49,71,28.9,79,6.5,103,Banana
116,37,60,25.1,71,5.8,207,Banana
84,36,61,24.7,70,6.5,105,Banana
112,54,76,26.1,76,5.7,249,Banana
96,53,67,30.0,70,5.5,172,Banana
98,32,73,24.6,71,5.6,238,Banana
118,57,83,30.5,73,6.2,237,Banana
120,49,61,31.2,75,5.6,220,Banana
116,44,66,30.5,83,6.4,196,Banana
98,43,77,30.9,85,6.8,210,Banana
110,37,69,24.7,82,6.2,177,Banana
113,41,70,31.5,74,6.2,125,Banana
86,40,61,31.8,85,5.7,152,Banana
87,59,70,26.0,81,6.9,131,Banana
117,49,73,24.1,80,6.1,143,Banana
84,56,71,30.4,78,5.6,233,Banana
99,34,70,31.0,83,5.8,102,Banana
118,48,89,24.7,76,6.4,114,Banana
101,34,75,31.3,86,5.8,189,Banana
98,49,85,24.6,85,6.6,216,Banana
106,43,74,31.6,77,5.8,170,Banana
98,51,74,30.3,80,6.9,105,Banana
107,59,77,31.7,79,6.2,235,Banana
119,57,83,26.6,80,6.4,228,Banana
114,49,87,31.7,78,6.8,199,Banana
115,42,80,27.0,88,5.7,139,Banana
112,54,68,26.5,86,6.3,247,Banana
107,33,82,25.9,80,6.7,106,Banana
81,60,89,29.6,71,6.2,140,Banana
85,48,60,25.3,74,6.3,246,Banana
91,43,66,24.5,82,5.7,135,Banana
102,57,77,31.4,89,5.9,177,Banana
85,57,88,28.1,82,5.7,241,Banana
99,44,75,31.6,80,6.1,112,Banana
120,47,66,26.9,88,6.9,121,Banana
86,51,89,28.9,89,6.1,130,Banana
101,35,88,26.8,86,6.3,238,Banana
107,38,61,31.4,79,6.4,180,Banana
90,36,87,26.6,75,6.8,103,Banana
107,52,60,25.8,80,6.4,231,Banana
99,49,66,31.3,75,5.8,149,Banana
114,31,83,26.7,82,5.8,169,Banana
88,41,68,31.6,75,6.5,188,Banana
80,53,76,25.5,83,5.7,134,Banana
106,60,62,24.1,87,6.6,209,Banana
100,42,87,30.9,88,6.8,144,Banana
112,41,85,31.7,83,6.4,126,Banana
83,50,87,29.0,81,6.9,170,Banana
91,41,81,31.3,83,7.0,201,Banana
81,59,75,31.1,83,5.5,210,Banana
119,41,86,29.2,75,6.5,216,Banana
84,47,68,24.4,70,5.7,124,Banana
87,30,85,24.6,85,6.2,181,Banana
118,40,81,29.2,72,7.0,244,Banana
104,58,85,28.1,80,6.4,193,Banana
84,31,83,27.4,75,6.1,191,Banana
94,56,81,31.7,77,6.0,179,Banana
92,42,64,29.2,80,5.6,167,Banana
80,39,60,29.6,82,6.8,149,Banana
81,33,66,28.6,73,6.1,101,Banana
98,32,67,29.0,73,6.3,108,Banana
106,56,76,31.3,78,6.3,108,Banana
82,60,61,31.4,83,5.9,187,Banana
112,56,84,31.1,83,6.2,169,Banana
87,38,83,26.2,81,6.6,116,Banana
69,26,24,31.2,56,7.3,75,Mango
42,39,24,28.3,68,5.8,138,Mango
40,27,39,28.5,70,5.7,114,Mango
78,32,27,33.8,70,5.9,130,Mango
43,30,26,25.1,57,7.0,107,Mango
78,24,21,29.0,64,5.6,133,Mango
62,40,29,33.8,65,7.5,78,Mango
41,38,38,32.3,66,6.2,76,Mango
62,33,23,32.2,53,7.3,148,Mango
75,22,37,31.1,66,6.8,119,Mango
71,22,23,29.0,68,7.2,65,Mango
65,31,22,29.9,57,6.8,102,Mango
62,25,25,30.3,53,5.7,122,Mango
63,34,21,34.3,69,5.6,102,Mango
59,36,32,29.3,53,6.2,138,Mango
60,36,24,31.8,56,6.5,118,Mango
47,33,26,31.4,54,6.1,57,Mango
73,22,34,34.1,69,7.4,116,Mango
41,30,26,30.7,69,6.6,61,Mango
61,36,31,27.3,61,6.7,77,Mango
65,34,20,31.0,66,6.9,114,Mango
58,32,28,34.2,59,5.8,128,Mango
45,25,35,28.1,65,7.1,119,Mango
58,26,29,32.9,61,6.5,92,Mango
67,39,26,32.3,58,7.1,101,Mango
45,23,21,33.8,59,6.6,76,Mango
56,39,23,34.5,50,6.2,148,Mango
46,21,38,30.2,50,7.4,77,Mango
73,34,37,24.6,57,7.0,130,Mango
54,40,21,33.5,66,6.5,78,Mango
46,22,33,30.5,66,5.7,95,Mango
56,23,40,24.9,52,6.7,108,Mango
67,34,27,24.4,59,7.0,85,Mango
65,40,37,30.4,63,6.9,132,Mango
62,22,40,33.9,56,5.7,120,Mango
80,20,36,25.0,65,7.4,138,Mango
76,34,20,25.7,59,6.0,91,Mango
41,40,24,33.4,53,5.9,115,Mango
76,20,31,27.5,53,6.6,73,Mango
59,26,37,24.3,70,6.1,85,Mango
78,27,35,33.8,69,6.5,99,Mango
53,23,40,29.4,67,5.7,63,Mango
54,27,32,29.6,54,6.7,113,Mango
59,35,26,34.5,57,6.8,90,Mango
63,26,37,31.4,53,7.3,51,Mango
73,29,23,25.0,61,6.5,75,Mango
54,26,39,31.3,51,6.8,122,Mango
48,33,21,28.2,53,6.9,85,Mango
43,38,25,29.3,63,6.0,52,Mango
65,28,35,33.0,50,6.6,64,Mango
65,38,34,28.8,64,5.6,145,Mango
64,28,25,24.6,62,6.3,129,Mango
48,38,35,28.6,65,6.3,132,Mango
45,38,38,27.7,65,6.9,113,Mango
57,29,37,33.5,53,6.7,55,Mango
78,22,22,28.7,62,5.6,114,Mango
64,37,23,32.9,52,6.8,148,Mango
40,37,35,32.2,68,7.3,99,Mango
59,37,31,31.2,58,5.8,51,Mango
63,29,36,33.4,68,7.1,86,Mango
51,24,36,27.3,61,6.9,98,Mango
67,37,34,29.3,64,6.4,51,Mango
72,34,34,26.4,65,6.7,93,Mango
64,38,20,30.8,62,7.1,86,Mango
64,22,26,31.6,66,7.1,59,Mango
72,20,23,31.1,64,6.5,112,Mango
76,33,20,30.8,51,6.6,121,Mango
80,28,37,26.9,52,7.3,64,Mango
40,34,30,32.5,69,5.9,78,Mango
41,39,40,26.8,68,7.1,55,Mango
45,35,40,29.5,70,5.8,121,Mango
61,31,34,33.6,60,6.4,105,Mango
56,26,26,31.5,60,6.8,121,Mango
50,38,25,26.0,59,6.8,105,Mango
75,37,21,25.4,62,5.7,90,Mango
52,22,38,26.9,56,7.4,145,Mango
65,35,25,33.7,60,7.5,136,Mango
54,38,39,30.1,57,6.2,103,Mango
40,30,20,31.4,56,6.3,125,Mango
47,37,38,29.1,50,6.2,109,Mango
60,30,20,28.2,50,7.3,144,Mango
66,26,21,31.0,50,6.8,55,Mango
41,37,33,30.3,57,7.5,87,Mango
55,32,21,27.2,67,6.8,135,Mango
51,23,39,27.2,52,6.3,69,Mango
52,32,40,28.9,62,6.1,138,Mango
54,24,38,28.4,51,7.4,149,Mango
80,32,30,26.3,53,5.7,131,Mango
46,20,26,28.1,56,6.7,94,Mango
76,37,26,24.8,62,5.8,137,Mango
76,32,38,25.8,54,6.2,91,Mango
80,26,21,31.8,54,6.5,132,Mango
72,37,29,31.4,51,6.7,147,Mango
64,25,25,25.2,68,5.5,68,Mango
43,35,37,31.1,60,6.2,138,Mango
67,40,27,27.3,59,6.0,68,Mango
64,35,36,26.3,54,5.6,95,Mango
45,28,35,31.7,50,6.0,86,Mango
66,39,25,27.7,52,6.8,78,Mango
63,20,40,27.3,51,7.4,94,Mango
68,33,38,31.5,68,7.3,146,Mango
44,39,22,24.3,56,6.7,70,Mango
57,36,35,34.6,55,6.5,97,Mango
80,34,26,31.6,61,5.6,102,Mango
49,31,34,33.9,56,6.4,105,Mango
55,29,38,32.8,70,5.7,141,Mango
69,23,28,30.7,51,6.0,55,Mango
65,23,25,30.3,62,7.3,104,Mango
80,33,24,30.2,56,6.1,55,Mango
65,30,20,33.6,62,5.9,133,Mango
58,27,23,33.0,54,7.0,142,Mango
69,21,23,34.4,54,6.8,101,Mango
54,36,40,31.0,59,6.7,53,Mango
44,32,24,27.6,61,5.7,113,Mango
79,40,31,30.3,65,6.9,106,Mango
52,34,29,28.8,64,5.6,138,Mango
54,34,23,27.7,68,7.2,146,Mango
67,30,22,30.2,63,7.0,88,Mango
76,27,22,31.7,63,5.6,67,Mango
69,30,39,28.4,60,6.5,71,Mango
72,40,22,31.4,58,7.2,111,Mango
66,26,30,24.5,54,5.9,92,Mango
40,32,30,32.1,53,7.4,127,Mango
52,30,34,30.8,67,5.9,131,Mango
52,24,39,27.8,51,6.7,75,Mango
60,27,30,29.6,70,7.3,102,Mango
70,34,29,27.9,63,6.2,129,Mango
49,35,35,25.6,56,6.0,55,Mango
50,25,23,29.6,66,6.2,108,Mango
51,29,34,31.6,66,6.2,121,Mango
68,37,39,24.2,61,6.0,81,Mango
49,40,25,27.9,55,6.2,125,Mango
53,30,25,25.6,59,6.5,85,Mango
70,28,30,27.5,69,6.2,110,Mango
69,23,20,33.3,61,5.6,105,Mango
59,40,22,26.4,60,7.2,92,Mango
44,24,36,33.2,56,5.6,63,Mango
44,21,28,28.4,53,6.2,68,Mango
56,26,35,29.6,59,5.7,125,Mango
60,24,23,28.1,58,6.3,121,Mango
42,40,34,26.2,66,6.6,124,Mango
45,24,37,34.8,60,6.0,110,Mango
45,35,24,33.0,51,7.1,132,Mango
78,30,27,28.7,55,6.9,105,Mango
47,27,32,28.7,65,6.7,76,Mango
55,29,31,34.5,65,5.8,107,Mango
79,20,36,28.9,61,5.8,72,Mango
71,28,29,31.0,68,5.8,88,Mango
63,35,37,26.2,66,7.2,137,Mango
80,39,38,29.4,66,7.4,114,Mango
58,31,24,30.3,59,5.6,60,Mango
60,38,23,27.3,50,6.7,99,Mango
48,23,24,29.2,70,7.2,100,Mango
52,30,39,33.4,70,7.0,80,Mango
69,35,21,34.3,57,6.7,93,Mango
46,33,27,33.3,63,5.9,134,Mango
46,21,30,26.5,50,7.5,115,Mango
60,25,29,33.1,61,6.7,68,Mango
67,23,32,34.7,57,5.6,130,Mango
50,21,32,32.9,53,5.7,112,Mango
47,28,39,25.6,55,7.3,62,Mango
45,20,40,28.9,62,6.6,83,Mango
73,33,37,28.3,56,6.3,59,Mango
69,20,31,33.5,68,7.1,140,Mango
75,21,27,31.7,57,6.7,87,Mango
77,29,39,25.1,55,6.9,59,Mango
62,29,37,29.2,61,6.4,56,Mango
60,23,20,25.8,63,6.8,94,Mango
75,28,40,27.3,55,7.5,114,Mango
56,40,31,29.2,68,5.6,69,Mango
74,28,29,28.7,61,5.8,134,Mango
69,21,39,24.8,61,6.1,57,Mango
61,29,36,25.9,62,6.2,64,Mango
55,32,22,34.9,57,5.7,132,Mango
48,32,25,32.4,61,5.9,128,Mango
72,25,31,26.0,68,6.5,131,Mango
68,35,20,30.4,65,5.6,93,Mango
57,22,36,30.0,57,5.9,141,Mango
40,35,30,34.8,67,6.2,63,Mango
67,28,26,28.9,61,5.5,71,Mango
43,24,20,31.9,54,7.2,106,Mango
48,39,34,31.9,60,6.5,72,Mango
67,36,24,33.7,62,6.3,138,Mango
48,31,36,27.4,56,7.1,123,Mango
52,38,33,34.6,53,7.3,113,Mango
42,38,34,25.8,59,6.3,135,Mango
51,39,36,28.1,59,6.7,70,Mango
56,36,25,31.7,53,7.0,85,Mango
64,31,29,31.4,58,7.1,98,Mango
72,35,29,27.4,67,6.5,75,Mango
57,35,32,33.0,52,6.5,80,Mango
59,40,22,31.0,58,7.4,79,Mango
42,36,32,30.3,65,7.0,58,Mango
69,34,20,28.8,69,5.7,88,Mango
71,25,23,31.2,63,6.3,121,Mango
48,24,32,32.5,67,6.8,104,Mango
40,20,21,34.0,56,6.8,54,Mango
80,31,30,30.4,55,6.2,56,Mango
73,36,34,26.6,58,6.1,112,Mango
60,34,38,28.9,52,6.0,136,Mango
69,36,40,27.0,64,5.8,126,Mango
65,23,29,27.5,50,7.3,149,Mango
79,31,39,34.6,50,7.1,94,Mango
42,28,23,24.8,60,7.0,72,Mango
67,35,22,26.3,68,6.1,118,Mango
49,28,28,33.5,67,7.2,117,Mango
75,39,33,29.2,58,6.3,142,Mango
65,31,34,33.2,54,7.3,92,Mango
52,26,26,27.3,63,7.0,126,Mango
42,33,33,31.6,64,7.0,144,Mango
73,31,33,26.1,65,6.0,94,Mango
66,22,20,27.7,66,7.3,75,Mango
52,38,32,34.9,51,7.0,58,Mango
51,37,29,30.8,63,7.2,142,Mango
49,21,40,27.8,62,6.6,76,Mango
69,40,32,25.2,55,6.7,109,Mango
45,29,30,29.5,68,6.0,97,Mango
65,25,33,32.3,59,6.7,107,Mango
45,29,32,25.1,68,5.7,70,Mango
75,30,37,31.3,54,6.7,150,Mango
36,35,20,28.4,44,7.1,60,Millet
48,22,39,31.3,37,6.6,49,Millet
59,28,23,34.5,38,6.2,70,Millet
22,40,39,31.6,36,6.1,43,Millet
30,38,29,26.7,40,6.9,69,Millet
60,23,22,27.7,32,6.9,71,Millet
30,31,27,30.2,37,7.1,61,Millet
48,20,27,34.5,38,6.6,57,Millet
46,39,25,31.6,43,6.4,56,Millet
27,32,33,26.5,31,6.9,21,Millet
42,24,21,33.8,35,7.0,77,Millet
43,28,20,31.0,31,6.4,56,Millet
44,28,34,30.2,43,6.6,59,Millet
50,25,38,27.8,45,6.4,49,Millet
23,29,28,30.7,46,6.1,55,Millet
43,37,20,29.5,50,6.0,30,Millet
25,30,24,31.2,48,7.0,20,Millet
59,31,39,29.3,30,7.3,35,Millet
34,29,32,26.4,41,6.3,72,Millet
27,32,40,29.7,38,7.5,34,Millet
27,26,28,27.2,38,6.8,27,Millet
49,34,24,34.9,30,6.8,34,Millet
59,20,36,26.2,50,7.2,46,Millet
30,32,32,33.0,30,6.4,42,Millet
40,40,24,30.8,46,7.3,42,Millet
45,25,22,33.5,33,6.6,46,Millet
23,27,40,30.3,31,6.6,27,Millet
59,30,30,28.0,32,7.1,31,Millet
32,27,38,27.8,35,7.3,51,Millet
52,31,32,35.0,37,6.2,33,Millet
22,25,36,29.9,39,6.1,72,Millet
21,21,32,27.1,40,7.4,45,Millet
33,40,20,32.5,34,6.8,59,Millet
59,36,37,34.8,42,6.5,77,Millet
27,21,34,31.0,44,6.3,73,Millet
26,21,40,27.4,49,7.4,57,Millet
44,35,35,31.8,38,6.0,65,Millet
43,39,23,27.2,45,7.4,56,Millet
31,28,30,34.8,46,7.1,38,Millet
48,31,28,25.4,35,7.2,42,Millet
53,21,27,34.6,31,6.2,39,Millet
36,22,37,26.9,34,6.8,56,Millet
25,25,35,29.7,46,6.4,79,Millet
22,38,39,27.3,33,7.1,65,Millet
59,31,35,26.3,44,7.1,54,Millet
32,22,20,32.5,30,7.5,65,Millet
31,40,27,33.9,38,6.8,45,Millet
39,21,25,28.1,42,6.9,23,Millet
52,20,25,32.0,47,6.3,21,Millet
35,21,29,27.1,33,6.5,76,Millet
28,34,26,32.8,44,7.1,27,Millet
47,34,22,30.1,49,7.0,54,Millet
55,34,23,34.5,45,7.4,43,Millet
60,30,30,27.6,39,6.5,22,Millet
60,38,35,34.4,35,7.1,42,Millet
47,20,23,30.1,43,6.8,23,Millet
43,26,30,27.4,30,7.0,22,Millet
56,37,20,29.9,36,7.1,62,Millet
60,25,24,31.2,46,7.3,58,Millet
39,20,27,34.9,36,6.3,74,Millet
60,22,35,29.0,36,6.8,70,Millet
27,27,39,31.3,40,6.6,24,Millet
57,31,39,33.6,36,6.2,80,Millet
26,20,37,32.4,36,6.4,61,Millet
22,31,40,29.7,43,7.3,39,Millet
39,25,20,26.8,48,6.3,61,Millet
50,28,39,33.6,42,6.6,45,Millet
36,39,35,34.1,46,6.9,21,Millet
33,32,31,26.4,39,7.4,44,Millet
46,28,38,31.5,33,7.3,60,Millet
56,28,21,31.8,42,7.4,44,Millet
24,25,32,34.7,40,6.4,70,Millet
20,20,28,34.2,37,6.3,58,Millet
33,22,27,26.5,43,7.1,20,Millet
50,30,20,32.8,38,7.0,55,Millet
39,29,34,27.7,37,6.0,51,Millet
41,20,27,28.4,38,6.8,56,Millet
45,29,25,33.2,48,7.5,21,Millet
48,27,24,32.5,44,6.2,52,Millet
48,38,23,26.8,37,7.0,66,Millet
33,27,23,25.8,31,7.1,25,Millet
30,31,40,28.2,44,7.2,62,Millet
47,40,21,34.5,44,6.7,46,Millet
40,35,23,27.0,39,6.4,58,Millet
28,31,21,31.2,40,7.0,68,Millet
29,21,37,30.7,44,7.4,23,Millet
29,39,30,32.2,37,6.8,40,Millet
57,40,26,34.8,41,6.9,73,Millet
35,21,21,28.2,46,7.0,59,Millet
39,33,38,32.3,41,6.5,39,Millet
26,22,31,27.7,45,6.0,71,Millet
56,33,38,34.3,43,7.3,34,Millet
51,26,20,30.3,46,6.2,79,Millet
32,33,24,33.8,35,6.4,32,Millet
52,22,33,29.0,35,7.1,63,Millet
20,26,38,27.0,37,7.1,64,Millet
26,20,21,26.2,35,7.0,46,Millet
50,39,22,28.7,49,6.6,22,Millet
51,35,20,26.2,39,6.4,24,Millet
37,25,29,27.9,40,6.8,51,Millet
56,33,30,33.1,45,7.4,44,Millet
41,25,35,32.1,46,6.8,30,Millet
22,23,37,33.0,50,6.1,56,Millet
39,25,38,31.8,42,7.0,24,Millet
34,34,31,26.5,41,6.6,71,Millet
58,35,21,33.4,49,6.9,77,Millet
29,38,37,33.1,49,7.4,43,Millet
44,27,22,33.8,49,6.1,62,Millet
33,29,32,29.0,39,6.1,61,Millet
21,34,32,29.9,45,6.4,29,Millet
34,39,32,31.2,35,6.8,37,Millet
29,34,23,33.2,31,6.8,80,Millet
42,37,31,28.9,47,7.3,77,Millet
27,25,24,33.3,35,7.0,60,Millet
51,34,28,31.5,33,6.7,78,Millet
49,37,27,26.3,43,6.6,49,Millet
50,34,27,34.6,44,6.3,35,Millet
59,32,31,30.8,30,6.0,77,Millet
48,23,35,25.4,36,7.1,44,Millet
50,33,26,26.8,31,7.3,51,Millet
43,37,25,33.6,34,6.7,40,Millet
44,36,34,28.3,44,6.8,62,Millet
44,21,37,29.6,45,6.8,39,Millet
45,37,23,34.4,36,7.4,37,Millet
47,38,33,30.7,43,6.5,58,Millet
25,29,23,32.3,44,7.2,48,Millet
35,31,20,27.1,41,6.8,79,Millet
60,31,39,26.2,44,6.4,21,Millet
28,31,24,27.5,31,7.3,52,Millet
32,33,22,34.2,31,7.5,69,Millet
38,31,28,34.6,34,6.1,71,Millet
20,23,31,34.3,49,7.5,30,Millet
44,26,39,33.3,43,6.7,80,Millet
21,38,22,26.4,36,6.1,49,Millet
33,20,22,33.9,41,6.5,32,Millet
41,28,37,29.0,32,6.5,33,Millet
28,34,39,29.6,35,6.4,55,Millet
39,21,26,34.9,44,7.4,68,Millet
28,35,33,31.4,38,6.9,27,Millet
23,32,36,27.1,33,7.5,40,Millet
26,40,38,34.3,50,7.1,76,Millet
54,22,26,33.6,34,6.7,21,Millet
20,36,28,30.5,40,7.4,69,Millet
57,34,35,28.1,36,6.1,35,Millet
34,27,25,28.3,33,7.4,45,Millet
48,34,40,30.0,37,6.2,75,Millet
33,25,34,31.3,35,6.2,26,Millet
44,28,33,25.3,30,7.5,22,Millet
32,29,27,31.2,43,6.9,21,Millet
51,38,20,31.2,49,6.9,77,Millet
38,22,25,27.8,43,6.4,53,Millet
27,26,26,27.0,34,6.7,30,Millet
27,28,31,32.1,48,6.2,72,Millet
25,32,26,31.0,36,6.3,41,Millet
37,36,34,33.8,32,7.4,27,Millet
50,23,26,33.2,40,6.9,38,Millet
42,29,20,26.4,44,7.2,50,Millet
60,35,32,32.6,47,6.3,36,Millet
40,22,38,29.7,33,6.5,30,Millet
50,40,37,25.9,42,7.4,46,Millet
37,25,27,33.8,35,6.6,41,Millet
21,23,39,28.8,50,6.6,22,Millet
27,34,26,32.5,41,7.2,62,Millet
38,24,29,27.1,32,7.0,75,Millet
49,31,37,26.0,45,6.4,48,Millet
24,25,34,34.3,34,6.6,45,Millet
52,28,33,31.1,35,7.2,23,Millet
43,27,28,30.7,50,6.6,65,Millet
50,20,28,29.9,39,7.3,80,Millet
50,23,20,33.7,36,6.4,68,Millet
52,37,40,32.4,37,6.5,40,Millet
30,35,29,31.1,36,6.6,50,Millet
48,33,36,29.1,42,7.2,32,Millet
44,26,37,31.2,38,6.6,80,Millet
38,33,34,28.8,39,6.9,34,Millet
32,37,36,29.4,38,7.4,35,Millet
54,35,37,26.6,32,7.1,70,Millet
38,40,27,31.5,49,6.3,54,Millet
41,27,28,29.7,47,6.8,61,Millet
51,22,34,25.9,50,6.6,61,Millet
56,32,22,27.6,31,6.9,29,Millet
49,30,36,31.5,47,6.5,54,Millet
59,24,28,28.7,49,7.4,50,Millet
43,33,34,34.2,46,7.1,39,Millet
44,28,37,25.1,30,6.6,36,Millet
44,24,27,34.0,46,6.4,37,Millet
41,31,23,34.8,44,7.2,70,Millet
40,37,36,34.5,34,6.9,77,Millet
60,28,26,25.9,41,6.8,45,Millet
47,30,34,28.7,41,7.5,79,Millet
32,26,23,26.4,46,7.5,32,Millet
32,38,37,26.9,32,6.9,51,Millet
54,35,21,28.9,37,6.8,37,Millet
28,38,34,30.5,43,6.1,59,Millet
38,22,27,25.7,45,6.5,51,Millet
26,37,25,30.3,33,7.3,80,Millet
49,25,25,25.6,37,7.3,66,Millet
30,28,22,31.3,49,6.8,80,Millet
58,29,32,26.2,40,7.1,26,Millet
51,30,35,28.0,36,6.1,21,Millet
29,28,20,32.6,34,6.4,52,Millet
55,22,28,30.3,31,7.0,52,Millet
31,26,26,30.7,45,7.1,36,Millet
51,22,30,30.3,50,7.0,26,Millet
31,39,32,32.8,46,6.7,20,Millet
23,33,22,29.6,35,6.7,49,Millet
29,35,36,33.7,44,6.7,40,Millet
28,40,23,27.3,34,7.4,54,Millet
36,20,39,28.6,42,7.0,48,Millet
20,29,33,30.2,34,6.2,55,Millet
44,35,38,28.4,37,6.2,62,Millet
27,37,30,29.4,46,7.4,78,Millet
56,26,26,30.9,31,7.0,77,Millet
37,22,29,29.8,47,6.6,41,Millet
48,21,38,34.0,46,7.2,46,Millet
21,27,40,31.3,39,6.8,34,Millet
41,33,29,34.4,45,6.1,66,Millet
53,31,25,29.8,39,6.4,71,Millet
59,37,30,30.5,37,7.4,40,Millet
35,20,30,30.6,45,6.7,22,Millet
66,32,26,19.0,55,7.5,80,Barley
62,23,40,19.8,46,6.4,33,Barley
73,23,40,17.3,48,7.3,65,Barley
78,28,32,15.3,49,7.5,75,Barley
70,27,28,16.6,59,6.4,63,Barley
62,30,25,19.4,45,6.9,44,Barley
69,30,40,16.1,49,6.1,69,Barley
71,34,21,20.5,47,6.3,34,Barley
76,34,24,12.5,46,7.4,60,Barley
67,29,30,16.0,46,6.6,47,Barley
71,23,38,14.5,48,7.5,31,Barley
73,27,32,16.8,44,6.3,78,Barley
78,27,30,21.6,58,6.1,53,Barley
80,22,31,16.9,59,7.4,45,Barley
40,25,32,18.6,46,7.1,55,Barley
68,38,31,18.2,43,6.9,47,Barley
63,23,30,19.8,54,6.5,56,Barley
75,36,22,21.1,55,6.2,49,Barley
55,30,40,16.2,49,6.4,47,Barley
49,39,34,14.1,45,6.4,53,Barley
51,25,38,12.5,54,7.5,31,Barley
56,29,35,16.9,44,7.0,67,Barley
50,36,25,16.6,51,6.8,59,Barley
69,20,32,20.8,48,6.7,70,Barley
55,21,25,15.8,48,7.2,45,Barley
80,28,34,14.0,45,7.1,51,Barley
55,22,26,21.3,58,7.1,72,Barley
61,29,28,14.2,51,7.2,44,Barley
75,20,22,21.3,41,7.4,46,Barley
46,23,26,17.6,43,6.4,66,Barley
43,40,23,12.7,47,7.1,39,Barley
54,25,36,19.4,45,6.2,71,Barley
56,26,30,21.1,41,7.2,65,Barley
63,20,21,21.1,54,7.4,50,Barley
46,35,40,18.6,43,7.4,44,Barley
59,34,40,14.5,58,6.2,42,Barley
62,33,35,12.7,44,6.4,70,Barley
55,34,35,17.8,41,7.4,75,Barley
46,22,35,13.5,47,6.2,72,Barley
74,22,23,20.2,54,6.8,55,Barley
48,22,27,20.2,57,6.1,56,Barley
69,27,23,15.1,57,6.7,48,Barley
72,32,37,15.8,45,7.4,42,Barley
54,26,25,15.9,46,7.2,42,Barley
54,21,32,19.6,48,6.7,78,Barley
76,26,23,14.2,60,7.2,50,Barley
40,24,23,20.6,43,7.3,35,Barley
75,37,33,18.3,46,7.0,72,Barley
55,40,27,17.3,56,6.2,53,Barley
55,25,31,16.3,54,6.5,62,Barley
42,26,27,15.0,44,7.2,57,Barley
70,30,23,15.5,53,7.5,67,Barley
58,37,31,18.6,42,7.0,42,Barley
72,37,38,14.2,44,6.2,73,Barley
62,27,29,18.3,51,6.4,64,Barley
48,31,27,21.9,58,6.3,50,Barley
80,32,22,14.4,59,7.2,45,Barley
43,34,40,17.8,58,6.3,55,Barley
71,23,34,14.6,48,6.5,79,Barley
47,21,37,16.9,51,6.8,31,Barley
65,39,28,21.0,51,6.7,43,Barley
57,34,39,17.9,51,6.8,64,Barley
74,40,32,21.3,57,6.8,69,Barley
58,27,21,15.4,52,6.2,74,Barley
78,23,25,19.1,45,7.2,64,Barley
71,31,32,13.2,57,7.3,76,Barley
52,36,20,19.5,46,6.5,37,Barley
62,26,20,21.1,55,6.2,59,Barley
76,21,30,21.4,59,6.7,33,Barley
63,24,30,20.1,40,6.5,57,Barley
71,37,24,17.3,60,7.4,75,Barley
43,31,35,21.3,59,7.2,73,Barley
50,20,39,13.4,49,7.0,30,Barley
80,21,26,20.8,58,6.5,32,Barley
77,27,29,17.7,43,7.3,70,Barley
78,23,22,13.8,48,6.0,52,Barley
43,36,32,16.1,50,7.0,74,Barley
41,26,27,14.1,50,6.8,69,Barley
76,38,33,17.2,52,6.1,62,Barley
56,31,37,19.2,44,6.9,76,Barley
45,20,35,16.2,56,6.0,64,Barley
43,36,20,13.3,43,7.3,49,Barley
42,30,30,15.0,42,6.5,66,Barley
58,31,29,17.8,45,7.4,79,Barley
69,20,31,14.7,60,6.7,58,Barley
76,20,23,19.5,43,6.4,71,Barley
78,34,34,16.8,46,6.4,67,Barley
57,23,20,17.1,51,6.0,47,Barley
58,40,39,18.3,52,6.3,74,Barley
77,37,27,12.0,58,6.5,62,Barley
69,33,39,14.3,49,6.1,61,Barley
80,26,25,19.2,45,6.7,76,Barley
75,26,31,15.7,44,6.8,37,Barley
76,31,20,18.8,51,7.3,45,Barley
47,32,32,15.9,48,7.1,46,Barley
62,35,29,13.3,47,6.1,30,Barley
59,24,21,17.1,57,6.4,55,Barley
45,31,38,18.1,56,6.9,47,Barley
58,34,31,16.9,50,6.7,64,Barley
45,37,34,14.2,48,6.3,36,Barley
48,25,31,17.8,45,6.5,45,Barley
71,23,20,20.0,53,6.6,53,Barley
64,38,27,20.0,44,6.7,68,Barley
72,34,31,17.2,51,7.4,64,Barley
52,35,21,13.2,50,6.6,78,Barley
67,40,27,14.5,53,6.5,43,Barley
55,29,32,19.7,40,7.4,63,Barley
56,32,31,17.1,55,6.9,65,Barley
74,34,25,20.1,52,6.7,77,Barley
73,37,34,14.6,46,6.1,64,Barley
69,37,27,14.0,56,7.4,65,Barley
70,31,23,20.1,57,6.6,33,Barley
62,26,28,16.1,50,6.2,73,Barley
40,30,22,21.3,49,7.0,79,Barley
52,23,25,13.0,44,7.2,31,Barley
75,37,25,19.3,55,6.8,70,Barley
57,27,32,17.7,42,7.4,59,Barley
41,38,22,14.8,42,6.7,71,Barley
73,22,26,16.9,58,6.6,47,Barley
43,39,27,21.6,53,6.9,76,Barley
49,24,35,20.6,41,7.3,75,Barley
65,27,37,12.9,41,6.4,50,Barley
68,22,28,18.0,42,7.3,40,Barley
65,40,31,21.5,54,7.2,46,Barley
42,38,24,13.1,42,6.1,34,Barley
41,26,40,16.1,58,6.6,36,Barley
55,22,31,16.1,52,6.3,47,Barley
72,21,37,20.4,53,7.0,60,Barley
57,29,34,17.0,47,7.2,69,Barley
68,22,25,15.8,56,6.2,52,Barley
48,28,32,15.5,55,6.8,66,Barley
70,23,25,16.2,42,6.1,48,Barley
46,40,30,15.5,59,6.1,35,Barley
66,34,29,18.4,56,7.1,31,Barley
41,37,20,21.7,40,6.7,61,Barley
78,33,33,19.1,51,6.5,41,Barley
69,38,27,13.4,41,7.2,74,Barley
44,38,33,15.4,59,7.4,59,Barley
75,36,27,18.0,57,6.5,54,Barley
71,35,40,19.8,52,6.1,54,Barley
45,34,35,12.8,45,6.8,35,Barley
41,21,23,20.0,57,6.8,71,Barley
52,25,28,15.7,53,6.3,53,Barley
79,36,20,13.6,46,6.8,34,Barley
60,33,25,17.1,59,6.6,36,Barley
42,39,20,13.6,45,7.1,67,Barley
62,35,29,14.4,46,6.0,55,Barley
80,37,23,20.7,47,6.7,59,Barley
59,28,39,21.4,51,6.8,64,Barley
56,24,27,17.5,41,6.2,46,Barley
57,34,31,19.5,46,7.2,75,Barley
61,35,26,18.1,46,6.5,33,Barley
57,28,27,20.3,51,7.1,50,Barley
61,39,34,15.1,41,7.3,59,Barley
55,36,37,21.7,57,6.8,59,Barley
56,25,27,17.4,43,6.5,70,Barley
78,38,36,13.4,41,7.3,52,Barley
80,22,30,14.0,53,6.7,60,Barley
50,28,29,17.0,60,6.0,48,Barley
54,22,24,17.1,41,6.7,51,Barley
66,22,22,15.0,56,6.8,50,Barley
65,39,24,12.4,60,6.9,58,Barley
42,37,38,19.3,53,7.3,47,Barley
64,21,37,18.9,59,7.3,59,Barley
71,24,40,17.3,49,6.2,34,Barley
67,25,30,18.1,46,7.2,59,Barley
47,39,30,14.5,49,6.3,66,Barley
43,38,40,20.5,59,6.3,73,Barley
42,22,31,12.6,42,7.0,55,Barley
54,23,25,13.9,45,6.1,36,Barley
67,30,38,20.2,48,7.2,33,Barley
71,37,21,19.2,44,6.2,70,Barley
73,23,30,12.2,47,6.6,44,Barley
51,29,28,19.1,43,6.9,67,Barley
43,32,31,19.6,59,7.5,69,Barley
45,37,22,12.4,40,6.6,75,Barley
53,37,30,18.0,45,6.1,44,Barley
54,27,31,16.3,56,6.8,76,Barley
49,37,30,15.5,48,6.9,68,Barley
78,40,24,19.9,53,6.3,51,Barley
69,23,34,14.3,43,6.3,39,Barley
59,40,39,12.2,47,6.1,75,Barley
59,29,24,16.7,56,7.4,36,Barley
58,20,39,15.2,59,6.6,60,Barley
66,32,33,18.1,59,7.1,47,Barley
62,31,35,19.7,52,6.8,70,Barley
50,29,31,14.6,49,7.1,48,Barley
44,24,24,13.5,56,6.8,65,Barley
43,33,38,21.1,50,6.1,49,Barley
59,34,34,16.2,55,7.4,54,Barley
62,29,21,15.8,54,6.9,41,Barley
46,35,36,16.3,59,6.2,62,Barley
45,25,35,12.6,59,7.5,63,Barley
68,29,35,19.0,53,7.0,70,Barley
50,35,23,18.2,53,6.6,32,Barley
70,24,23,15.7,47,6.1,61,Barley
42,30,26,15.4,50,6.1,39,Barley
42,36,27,21.4,50,7.4,79,Barley
62,33,25,16.7,49,7.5,72,Barley
40,26,30,12.9,48,6.8,62,Barley
40,25,20,16.7,41,6.2,35,Barley
53,26,38,17.9,44,7.3,50,Barley
42,24,39,22.0,56,7.4,62,Barley
45,23,29,20.8,44,6.1,44,Barley
80,39,22,17.1,47,7.4,64,Barley
73,22,27,20.3,42,6.8,60,Barley
56,37,40,20.4,58,6.5,75,Barley
74,21,25,12.1,55,7.0,63,Barley
72,25,25,20.5,49,6.2,70,Barley
62,40,23,14.2,40,6.7,58,Barley
65,28,37,19.4,49,7.4,51,Barley
59,28,22,12.5,60,7.2,31,Barley
69,36,35,15.8,57,6.7,58,Barley
48,32,37,14.8,52,6.5,61,Barley
78,33,28,21.7,48,7.2,72,Barley
60,27,23,13.0,53,7.2,67,Barley
57,24,29,13.6,41,6.3,62,Barley
70,32,26,18.4,43,6.5,75,Barley
67,37,26,20.7,42,7.3,59,Barley
45,40,29,16.2,59,6.1,53,Barley
63,69,50,26.4,73,6.3,119,Soybean
67,62,50,24.7,68,6.4,148,Soybean
46,62,31,29.0,71,6.0,138,Soybean
59,60,45,27.8,64,6.8,114,Soybean
43,53,45,28.1,71,6.5,119,Soybean
46,56,30,29.1,66,6.6,87,Soybean
68,53,46,23.0,62,6.8,75,Soybean
63,65,34,22.9,66,6.2,73,Soybean
65,43,32,23.0,62,6.8,109,Soybean
67,50,35,24.2,65,6.3,131,Soybean
55,61,45,25.8,75,6.2,144,Soybean
38,61,48,24.5,74,6.7,99,Soybean
32,42,46,20.7,78,6.8,108,Soybean
45,57,44,22.8,74,6.4,61,Soybean
59,45,38,25.6,61,6.5,83,Soybean
60,49,30,28.0,68,6.8,89,Soybean
63,40,46,28.4,68,6.8,135,Soybean
46,40,50,29.4,67,6.7,118,Soybean
56,66,44,24.1,65,6.9,133,Soybean
49,59,40,25.0,60,6.1,140,Soybean
58,54,41,22.9,69,6.7,101,Soybean
47,70,38,25.4,70,6.2,60,Soybean
36,70,49,25.6,62,6.8,84,Soybean
55,44,34,25.0,77,6.9,75,Soybean
41,65,35,24.8,64,6.1,103,Soybean
69,69,44,24.5,64,7.0,108,Soybean
49,43,44,23.1,62,6.9,118,Soybean
60,47,39,26.2,63,6.1,87,Soybean
53,43,45,25.3,72,6.5,144,Soybean
52,68,35,26.1,60,6.9,128,Soybean
53,59,40,28.9,80,6.5,85,Soybean
59,61,49,20.9,63,6.5,93,Soybean
51,57,42,25.7,62,6.2,82,Soybean
33,64,45,29.1,65,6.1,139,Soybean
32,62,47,22.3,76,6.8,124,Soybean
35,47,43,29.0,63,6.4,78,Soybean
49,57,37,20.2,69,6.0,67,Soybean
39,50,39,28.5,73,6.4,67,Soybean
68,49,40,28.9,78,6.7,60,Soybean
70,54,37,22.3,73,6.1,147,Soybean
38,44,36,23.3,80,6.2,132,Soybean
39,59,37,24.8,65,6.4,78,Soybean
50,40,36,29.1,69,6.9,94,Soybean
65,48,44,27.8,72,6.4,150,Soybean
31,40,34,20.9,61,6.9,85,Soybean
51,55,42,28.6,64,7.0,103,Soybean
33,56,39,24.0,61,6.5,105,Soybean
52,47,31,29.7,74,6.2,76,Soybean
57,70,41,26.0,63,6.2,141,Soybean
57,60,44,27.7,76,6.5,96,Soybean
57,47,44,24.4,74,6.1,81,Soybean
39,64,32,26.2,77,6.2,106,Soybean
58,51,49,24.6,80,6.6,149,Soybean
48,54,49,29.5,63,6.4,74,Soybean
39,64,45,26.0,73,6.4,82,Soybean
69,59,33,29.6,72,6.5,111,Soybean
47,51,30,28.3,62,6.3,107,Soybean
67,57,43,24.4,60,6.8,73,Soybean
53,52,36,23.4,64,6.6,100,Soybean
56,59,47,24.6,60,6.8,85,Soybean
30,59,33,24.3,74,6.1,119,Soybean
59,48,47,24.8,70,6.8,142,Soybean
30,41,38,23.7,66,6.5,104,Soybean
38,51,46,29.8,75,6.9,139,Soybean
37,59,33,22.3,79,6.9,62,Soybean
54,69,42,23.6,64,6.1,69,Soybean
32,63,49,26.5,65,6.1,79,Soybean
57,63,34,27.2,72,7.0,94,Soybean
46,56,48,24.8,69,6.5,106,Soybean
62,59,31,26.8,78,6.9,82,Soybean
41,41,49,25.8,78,6.8,102,Soybean
42,48,39,20.9,60,6.5,64,Soybean
69,45,36,28.6,73,6.4,126,Soybean
36,64,32,29.6,61,6.6,96,Soybean
46,47,37,23.1,67,6.0,129,Soybean
42,47,48,28.5,66,6.0,138,Soybean
39,53,36,23.5,74,6.5,133,Soybean
55,45,39,21.1,69,6.8,84,Soybean
33,54,44,21.3,60,6.8,135,Soybean
36,44,40,27.9,74,6.2,112,Soybean
64,67,30,28.9,78,6.0,123,Soybean
50,40,33,21.2,71,6.7,62,Soybean
31,45,36,24.7,69,6.4,97,Soybean
32,70,41,26.8,71,6.3,70,Soybean
32,58,47,30.0,62,6.4,139,Soybean
34,68,48,24.1,70,6.2,124,Soybean
68,61,34,25.3,60,6.7,135,Soybean
53,47,43,28.4,70,6.2,91,Soybean
48,66,30,29.1,74,6.5,105,Soybean
52,48,42,20.3,71,6.8,147,Soybean
34,52,36,28.2,76,6.8,109,Soybean
59,66,39,21.7,76,6.9,114,Soybean
54,60,37,20.5,77,6.8,104,Soybean
49,55,47,28.3,71,6.1,91,Soybean
39,64,42,20.9,61,6.7,90,Soybean
66,54,43,28.3,60,6.7,146,Soybean
67,52,33,27.5,80,6.3,128,Soybean
57,52,39,29.7,64,7.0,85,Soybean
48,70,42,22.9,70,6.4,101,Soybean
44,59,45,21.6,62,6.1,134,Soybean
60,41,43,23.7,72,6.7,82,Soybean
44,65,50,27.7,77,6.1,102,Soybean
39,52,40,27.2,67,7.0,115,Soybean
46,70,32,21.2,60,6.4,116,Soybean
56,40,34,25.1,71,6.6,114,Soybean
52,58,43,22.8,62,7.0,68,Soybean
58,61,45,20.3,78,6.2,105,Soybean
42,46,36,23.4,76,6.6,74,Soybean
64,41,40,29.0,70,7.0,131,Soybean
45,61,49,27.5,75,6.2,135,Soybean
69,70,34,26.2,61,6.5,139,Soybean
51,65,32,23.8,61,6.6,101,Soybean
70,61,31,29.0,78,6.4,66,Soybean
65,54,46,25.5,62,6.1,106,Soybean
30,58,38,28.9,62,6.4,109,Soybean
67,58,39,27.1,65,6.3,69,Soybean
55,61,34,29.8,79,6.4,80,Soybean
50,70,49,22.8,68,6.8,77,Soybean
31,44,30,22.5,71,6.8,60,Soybean
46,48,34,27.8,79,6.1,108,Soybean
45,52,43,22.8,64,6.0,121,Soybean
56,60,40,23.0,71,6.6,74,Soybean
43,64,34,28.6,69,6.3,147,Soybean
51,41,40,26.2,68,6.8,140,Soybean
47,61,42,27.9,63,6.5,98,Soybean
58,41,35,22.9,61,6.6,135,Soybean
67,54,45,21.6,78,6.3,80,Soybean
60,66,30,24.0,61,6.4,122,Soybean
35,66,37,25.5,68,6.6,142,Soybean
32,46,36,25.6,64,6.6,86,Soybean
51,40,37,29.3,62,6.2,116,Soybean
44,65,32,22.7,64,6.9,66,Soybean
33,56,45,24.8,73,6.6,144,Soybean
58,68,44,26.8,61,6.6,61,Soybean
32,50,39,24.0,62,6.7,142,Soybean
39,63,48,23.5,62,6.6,72,Soybean
51,62,39,23.0,80,6.7,98,Soybean
31,61,49,20.5,65,6.1,76,Soybean
42,42,37,26.9,79,6.1,96,Soybean
56,58,50,26.3,73,6.5,73,Soybean
35,40,34,23.2,65,6.8,106,Soybean
34,67,32,28.3,73,6.1,94,Soybean
54,46,50,24.1,76,6.2,102,Soybean
44,58,42,29.7,62,6.0,134,Soybean
49,48,34,29.7,61,6.1,113,Soybean
49,67,40,25.7,66,6.2,71,Soybean
56,57,31,29.6,61,7.0,92,Soybean
54,59,41,26.6,66,6.2,133,Soybean
46,59,42,28.5,70,6.8,78,Soybean
63,59,33,23.8,71,6.0,149,Soybean
68,40,47,24.7,69,6.1,120,Soybean
62,70,47,29.0,78,6.1,136,Soybean
67,67,50,24.1,64,6.9,111,Soybean
43,48,37,29.0,73,6.9,103,Soybean
58,40,41,24.3,71,6.3,66,Soybean
61,66,42,23.4,75,6.9,88,Soybean
52,51,48,27.7,79,6.7,148,Soybean
66,50,44,26.7,67,6.9,140,Soybean
59,40,46,24.3,73,6.4,122,Soybean
44,55,39,26.6,70,6.6,139,Soybean
50,61,31,28.9,76,6.9,120,Soybean
35,55,33,24.2,71,6.9,108,Soybean
55,66,48,22.0,71,6.3,134,Soybean
42,40,30,25.1,70,6.7,72,Soybean
58,59,42,22.8,70,6.1,144,Soybean
58,42,39,21.2,73,6.2,130,Soybean
53,67,41,24.7,70,6.9,116,Soybean
65,50,33,29.1,77,6.7,87,Soybean
61,65,36,26.5,76,6.0,121,Soybean
42,64,38,20.5,67,6.7,138,Soybean
67,66,46,27.5,72,6.6,126,Soybean
43,68,33,22.3,71,6.5,130,Soybean
67,56,46,23.1,76,6.1,100,Soybean
58,56,36,29.3,65,6.6,104,Soybean
58,65,49,29.7,62,6.8,75,Soybean
70,48,39,26.6,76,6.7,94,Soybean
49,68,33,22.5,75,6.9,86,Soybean
37,54,42,26.2,72,6.8,125,Soybean
64,40,33,23.9,71,6.8,88,Soybean
38,41,37,27.0,64,6.9,147,Soybean
33,66,46,27.9,74,7.0,130,Soybean
62,59,38,29.1,80,6.2,92,Soybean
66,62,39,23.5,62,7.0,120,Soybean
45,57,39,29.9,62,6.8,83,Soybean
61,48,38,25.4,76,6.3,107,Soybean
61,43,50,22.3,80,6.4,135,Soybean
40,55,48,25.1,70,6.9,69,Soybean
46,46,38,26.9,74,6.7,86,Soybean
33,60,45,26.7,75,6.7,118,Soybean
44,40,30,20.1,63,6.4,123,Soybean
67,46,34,25.7,67,6.4,72,Soybean
30,60,40,25.1,77,6.3,79,Soybean
32,49,44,20.3,74,6.7,89,Soybean
47,66,35,20.8,70,6.2,111,Soybean
50,51,36,20.9,63,6.5,86,Soybean
43,57,40,20.1,67,6.7,111,Soybean
30,55,43,25.0,68,6.1,81,Soybean
59,68,50,29.6,80,6.4,116,Soybean
69,69,38,22.2,77,6.6,69,Soybean
53,42,39,26.3,65,6.5,145,Soybean
70,51,30,22.9,71,6.1,81,Soybean
42,54,32,29.7,62,6.1,128,Soybean
36,41,46,28.4,75,6.3,117,Soybean
38,66,39,22.0,66,6.6,150,Soybean
57,52,30,23.9,70,6.5,70,Soybean
62,52,39,22.1,67,6.7,60,Soybean
45,60,34,23.1,72,7.0,146,Soybean
31,62,41,21.7,64,6.6,117,Soybean
51,51,42,21.5,65,6.9,77,Soybean
55,46,42,20.2,76,6.7,101,Soybean
51,59,34,22.6,65,6.1,88,Soybean
53,61,35,25.8,72,6.6,75,Soybean
56,52,33,25.0,73,6.6,107,Soybean
39,52,40,27.4,63,6.3,108,Soybean
35,49,33,20.3,66,6.8,144,Soybean
41,52,48,25.8,67,6.6,120,Soybean
30,53,31,20.7,65,6.0,101,Soybean
64,54,35,29.8,60,6.1,83,Soybean
45,53,37,29.4,71,6.6,63,Soybean
60,61,50,20.4,66,6.3,112,Soybean
